Any,Codi_Districte,Nom_Districte,Codi_Barri,Nom_Barri,Seccio_Censal,Distribucio_P80_20,Import_Renda_Disponible,Index_Gini,Import_Renda_Neta,Import_Renda_Bruta,Edat_Mitjana
2021,1,Ciutat Vella,1,el Raval,1,3.6,13828.66,37.5,11166,13657,38.80508166969147
2021,1,Ciutat Vella,1,el Raval,2,2.9,11247.3,35.4,9115,10724,38.80508166969147
2021,1,Ciutat Vella,1,el Raval,3,3.4,11638.83,36.2,9431,11017,36.1071104387292
2021,1,Ciutat Vella,1,el Raval,4,3.0,13688.8,35.0,10898,13156,36.1071104387292
2021,1,Ciutat Vella,1,el Raval,5,3.0,12037.71,36.8,9717,11426,37.898958161071604
2021,1,Ciutat Vella,1,el Raval,6,3.1,12705.98,38.4,10214,12444,37.898958161071604
2021,1,Ciutat Vella,1,el Raval,7,3.1,12374.65,36.0,9880,11809,37.898958161071604
2021,1,Ciutat Vella,1,el Raval,8,2.4,9469.15,31.1,7755,8836,36.938856015779095
2021,1,Ciutat Vella,1,el Raval,9,3.5,12434.59,37.7,10011,11919,36.938856015779095
2021,1,Ciutat Vella,1,el Raval,10,2.7,11079.75,34.1,8936,10457,36.938856015779095
2021,1,Ciutat Vella,1,el Raval,11,2.8,10053.43,32.8,8137,9366,37.8935790725327
2021,1,Ciutat Vella,1,el Raval,12,3.1,13224.75,34.4,10578,12561,37.8935790725327
2021,1,Ciutat Vella,1,el Raval,13,3.0,13394.05,33.6,10757,12656,37.8935790725327
2021,1,Ciutat Vella,1,el Raval,14,2.5,12548.04,29.7,10052,11673,38.42521390663923
2021,1,Ciutat Vella,1,el Raval,15,2.8,13049.12,34.5,10444,12404,38.42521390663923
2021,1,Ciutat Vella,1,el Raval,16,2.4,12046.93,29.6,9623,11261,38.42521390663923
2021,1,Ciutat Vella,1,el Raval,17,2.6,11267.42,30.6,9048,10471,38.42521390663923
2021,1,Ciutat Vella,1,el Raval,18,2.7,12243.27,31.2,9854,11415,39.70213706705969
2021,1,Ciutat Vella,1,el Raval,19,3.1,12026.21,35.4,9665,11327,39.70213706705969
2021,1,Ciutat Vella,1,el Raval,20,3.2,18512.74,36.6,14725,18374,39.70213706705969
2021,1,Ciutat Vella,1,el Raval,21,3.6,18061.4,37.8,14304,17848,39.52657004830918
2021,1,Ciutat Vella,2,el Barri Gòtic,22,3.7,18413.03,42.1,15141,22371,40.14968064426548
2021,1,Ciutat Vella,2,el Barri Gòtic,23,3.2,18922.11,37.6,15038,19441,40.14968064426548
2021,1,Ciutat Vella,2,el Barri Gòtic,25,3.2,17734.04,37.8,14081,17934,37.08921644685803
2021,1,Ciutat Vella,2,el Barri Gòtic,26,3.7,18527.06,38.5,14859,18988,37.08921644685803
2021,1,Ciutat Vella,2,el Barri Gòtic,27,3.2,16857.24,36.3,13379,16470,37.08921644685803
2021,1,Ciutat Vella,2,el Barri Gòtic,28,3.5,15656.09,38.3,12429,15535,38.06196264453009
2021,1,Ciutat Vella,2,el Barri Gòtic,29,3.5,14398.84,40.3,11413,13854,38.06196264453009
2021,1,Ciutat Vella,2,el Barri Gòtic,30,3.5,14058.77,38.0,11300,13842,39.546689723320156
2021,1,Ciutat Vella,2,el Barri Gòtic,31,3.6,14545.08,43.3,11604,14534,39.546689723320156
2021,1,Ciutat Vella,3,la Barceloneta,32,3.2,19111.84,35.9,15133,18744,42.00946291560102
2021,1,Ciutat Vella,3,la Barceloneta,33,2.9,16234.42,34.0,12890,15611,42.00946291560102
2021,1,Ciutat Vella,3,la Barceloneta,34,3.1,16642.38,35.3,13175,15965,42.00946291560102
2021,1,Ciutat Vella,3,la Barceloneta,35,2.6,16353.61,30.8,12947,15434,42.40050804403048
2021,1,Ciutat Vella,3,la Barceloneta,36,2.9,16821.22,32.2,13476,16376,42.40050804403048
2021,1,Ciutat Vella,3,la Barceloneta,37,2.8,16657.65,31.9,13402,16069,42.37525868015636
2021,1,Ciutat Vella,3,la Barceloneta,38,3.1,15170.19,33.2,12033,14433,42.37525868015636
2021,1,Ciutat Vella,3,la Barceloneta,39,2.9,16748.6,32.3,13289,16050,42.37525868015636
2021,1,Ciutat Vella,3,la Barceloneta,40,3.4,16612.03,37.3,13332,16395,42.37525868015636
2021,1,Ciutat Vella,3,la Barceloneta,41,3.1,15113.2,35.7,11903,14349,42.37525868015636
2021,1,Ciutat Vella,3,la Barceloneta,42,2.9,16901.41,31.4,13567,16426,42.37525868015636
2021,1,Ciutat Vella,4,"Sant Pere, Santa Caterina i la Ribera",43,3.3,22829.99,38.2,17964,23526,40.1085237258348
2021,1,Ciutat Vella,4,"Sant Pere, Santa Caterina i la Ribera",44,3.8,20491.94,39.4,16272,20807,40.1085237258348
2021,1,Ciutat Vella,4,"Sant Pere, Santa Caterina i la Ribera",45,3.5,17998.21,37.1,14198,17731,40.1085237258348
2021,1,Ciutat Vella,4,"Sant Pere, Santa Caterina i la Ribera",46,3.4,15645.74,35.9,12601,17157,40.1085237258348
2021,1,Ciutat Vella,4,"Sant Pere, Santa Caterina i la Ribera",47,3.0,16839.57,36.8,13294,16625,39.48049547051211
2021,1,Ciutat Vella,4,"Sant Pere, Santa Caterina i la Ribera",48,3.3,13512.75,37.5,10784,12943,39.48049547051211
2021,1,Ciutat Vella,4,"Sant Pere, Santa Caterina i la Ribera",49,3.2,16188.65,38.0,13097,17305,39.48049547051211
2021,1,Ciutat Vella,4,"Sant Pere, Santa Caterina i la Ribera",50,3.1,17116.65,36.4,13589,17106,38.353685897435895
2021,1,Ciutat Vella,4,"Sant Pere, Santa Caterina i la Ribera",51,3.7,15107.48,38.4,11908,14748,38.353685897435895
2021,1,Ciutat Vella,4,"Sant Pere, Santa Caterina i la Ribera",52,3.8,22374.82,39.9,17727,23329,38.353685897435895
2021,1,Ciutat Vella,4,"Sant Pere, Santa Caterina i la Ribera",53,2.9,15669.94,34.1,12487,15094,43.200994799909566
2021,1,Ciutat Vella,4,"Sant Pere, Santa Caterina i la Ribera",54,3.2,17143.82,33.5,13563,16704,43.200994799909566
2021,1,Ciutat Vella,4,"Sant Pere, Santa Caterina i la Ribera",55,3.1,21583.67,36.2,17342,21933,43.200994799909566
2021,3,Sants-Montjuïc,13,la Marina de Port,26,2.1,17116.96,24.8,13981,16464,44.13281155930162
2021,3,Sants-Montjuïc,13,la Marina de Port,27,2.4,19271.0,27.7,15254,18571,44.13281155930162
2021,3,Sants-Montjuïc,13,la Marina de Port,28,3.3,21118.47,32.7,16508,21154,44.13281155930162
2021,3,Sants-Montjuïc,13,la Marina de Port,29,2.3,16389.05,26.5,13058,15214,44.13281155930162
2021,3,Sants-Montjuïc,13,la Marina de Port,30,2.3,18555.69,27.2,14732,17502,44.13281155930162
2021,3,Sants-Montjuïc,13,la Marina de Port,31,2.1,17050.65,26.9,13753,16205,43.658384375361145
2021,3,Sants-Montjuïc,13,la Marina de Port,32,2.7,15898.12,31.2,12628,15038,43.658384375361145
2021,3,Sants-Montjuïc,13,la Marina de Port,33,2.4,13111.86,28.4,10569,12157,43.658384375361145
2021,3,Sants-Montjuïc,13,la Marina de Port,34,2.4,16869.82,28.6,13542,16241,43.658384375361145
2021,3,Sants-Montjuïc,13,la Marina de Port,35,2.5,18859.26,27.7,15149,18240,44.6217469480458
2021,3,Sants-Montjuïc,13,la Marina de Port,36,2.7,20425.16,29.2,16205,20007,44.6217469480458
2021,3,Sants-Montjuïc,13,la Marina de Port,37,2.4,20612.6,26.3,16201,19703,44.6217469480458
2021,3,Sants-Montjuïc,13,la Marina de Port,38,2.8,13273.53,29.0,10862,12399,41.119805101748355
2021,3,Sants-Montjuïc,13,la Marina de Port,39,2.7,12721.83,30.0,10253,11756,41.119805101748355
2021,3,Sants-Montjuïc,14,la Font de la Guatlla,40,2.4,22561.51,29.1,18097,22547,45.685627570001955
2021,3,Sants-Montjuïc,14,la Font de la Guatlla,41,2.9,19214.06,31.3,15260,18969,45.685627570001955
2021,3,Sants-Montjuïc,14,la Font de la Guatlla,42,3.4,18925.92,33.4,15009,18361,45.685627570001955
2021,3,Sants-Montjuïc,14,la Font de la Guatlla,43,2.8,20929.08,32.5,16679,20854,45.685627570001955
2021,3,Sants-Montjuïc,14,la Font de la Guatlla,44,3.1,17908.09,32.9,14226,17523,45.685627570001955
2021,3,Sants-Montjuïc,14,la Font de la Guatlla,45,2.7,20794.67,30.3,16342,20096,45.685627570001955
2021,3,Sants-Montjuïc,14,la Font de la Guatlla,46,2.7,23196.73,29.2,18791,23531,45.685627570001955
2021,3,Sants-Montjuïc,15,Hostafrancs,47,3.0,19185.27,32.7,15222,18750,43.91577791718946
2021,3,Sants-Montjuïc,15,Hostafrancs,48,2.7,22978.76,30.7,18503,23157,43.91577791718946
2021,3,Sants-Montjuïc,15,Hostafrancs,49,3.3,20187.76,33.9,16166,20303,43.91577791718946
2021,3,Sants-Montjuïc,15,Hostafrancs,50,2.8,21307.64,31.4,16854,21254,43.91577791718946
2021,3,Sants-Montjuïc,15,Hostafrancs,51,3.7,16792.26,35.8,13296,16473,42.76491228070176
2021,3,Sants-Montjuïc,15,Hostafrancs,52,3.6,19064.32,35.0,15113,18832,42.76491228070176
2021,3,Sants-Montjuïc,15,Hostafrancs,53,3.2,18022.37,34.6,14259,17715,42.76491228070176
2021,3,Sants-Montjuïc,15,Hostafrancs,54,2.8,20443.33,31.7,16441,20221,42.76491228070176
2021,3,Sants-Montjuïc,15,Hostafrancs,55,3.0,19824.91,32.1,15814,19469,42.76491228070176
2021,3,Sants-Montjuïc,15,Hostafrancs,56,2.7,19388.36,30.1,15558,18909,42.76491228070176
2021,3,Sants-Montjuïc,16,la Bordeta,57,2.6,19479.2,30.2,15600,18937,45.971658754136094
2021,3,Sants-Montjuïc,16,la Bordeta,58,2.7,24406.2,30.0,19114,24930,45.971658754136094
2021,3,Sants-Montjuïc,16,la Bordeta,59,2.6,18377.35,28.3,14638,17567,45.971658754136094
2021,3,Sants-Montjuïc,16,la Bordeta,60,2.5,21308.47,28.6,17070,21251,45.971658754136094
2021,3,Sants-Montjuïc,16,la Bordeta,61,2.4,18979.99,27.5,15119,18302,45.971658754136094
2021,3,Sants-Montjuïc,16,la Bordeta,62,2.4,20053.86,27.1,15918,19545,44.60503326120061
2021,3,Sants-Montjuïc,16,la Bordeta,63,2.8,19261.57,30.0,15062,18823,44.60503326120061
2021,3,Sants-Montjuïc,16,la Bordeta,64,2.4,21125.89,27.3,16876,20899,44.60503326120061
2021,3,Sants-Montjuïc,16,la Bordeta,65,2.6,20309.17,27.1,16261,19915,44.60503326120061
2021,3,Sants-Montjuïc,16,la Bordeta,66,2.6,18611.72,29.7,14794,18094,44.60503326120061
2021,3,Sants-Montjuïc,16,la Bordeta,67,2.7,20288.26,28.6,16197,19934,44.60503326120061
2021,3,Sants-Montjuïc,16,la Bordeta,68,2.3,17741.64,28.7,14292,17090,44.60503326120061
2021,3,Sants-Montjuïc,16,la Bordeta,69,2.6,21550.89,28.7,17274,21471,44.60503326120061
2021,3,Sants-Montjuïc,18,Sants,86,2.6,25517.2,28.2,20636,26167,45.93658329800763
2021,3,Sants-Montjuïc,18,Sants,87,2.9,23484.09,31.9,18744,23893,45.93658329800763
2021,3,Sants-Montjuïc,18,Sants,88,2.6,19958.41,29.7,15939,19862,45.93658329800763
2021,3,Sants-Montjuïc,18,Sants,89,2.4,22840.14,27.3,18315,23022,45.93658329800763
2021,3,Sants-Montjuïc,18,Sants,90,2.7,25462.69,32.0,20224,26449,45.93658329800763
2021,3,Sants-Montjuïc,18,Sants,91,3.2,21778.67,34.5,17221,21824,45.93658329800763
2021,3,Sants-Montjuïc,18,Sants,92,3.1,21788.32,32.6,17178,21648,45.93658329800763
2021,3,Sants-Montjuïc,18,Sants,93,3.0,22180.6,31.7,17620,22233,45.93658329800763
2021,3,Sants-Montjuïc,18,Sants,94,2.7,23232.59,29.5,18401,22935,45.93658329800763
2021,3,Sants-Montjuïc,18,Sants,95,2.9,21214.06,33.3,16746,20960,42.338379752686926
2021,3,Sants-Montjuïc,18,Sants,96,3.2,19979.04,34.3,15753,19554,42.338379752686926
2021,3,Sants-Montjuïc,18,Sants,97,2.9,15623.98,33.6,12301,14888,42.338379752686926
2021,3,Sants-Montjuïc,18,Sants,98,3.1,17484.09,32.6,13798,16863,42.338379752686926
2021,3,Sants-Montjuïc,18,Sants,99,2.8,21271.26,32.7,16691,20691,42.338379752686926
2021,3,Sants-Montjuïc,18,Sants,100,3.0,19870.84,33.1,15773,19640,42.338379752686926
2021,3,Sants-Montjuïc,18,Sants,101,2.7,21143.97,29.7,16558,20266,41.166215551181104
2021,3,Sants-Montjuïc,18,Sants,102,3.2,20106.35,32.7,15895,19818,41.166215551181104
2021,3,Sants-Montjuïc,18,Sants,103,2.7,20441.87,28.8,16400,19787,41.166215551181104
2021,3,Sants-Montjuïc,18,Sants,104,2.9,19901.11,32.5,15703,19405,41.166215551181104
2021,3,Sants-Montjuïc,18,Sants,105,2.5,19947.32,30.2,15724,19527,41.241078838174275
2021,3,Sants-Montjuïc,18,Sants,106,3.4,20807.07,34.0,16349,20697,41.241078838174275
2021,3,Sants-Montjuïc,18,Sants,107,3.1,21219.25,31.9,16925,21366,44.3356715823037
2021,3,Sants-Montjuïc,18,Sants,108,2.9,20750.85,32.0,16315,20200,44.3356715823037
2021,3,Sants-Montjuïc,18,Sants,109,2.7,21911.65,29.9,17220,21508,44.3356715823037
2021,3,Sants-Montjuïc,18,Sants,110,2.8,22876.06,32.6,17987,22725,44.3356715823037
2021,3,Sants-Montjuïc,18,Sants,111,2.6,22949.91,31.2,18035,22762,44.3356715823037
2021,3,Sants-Montjuïc,18,Sants,112,2.9,23900.86,31.3,19022,24178,44.3356715823037
2021,3,Sants-Montjuïc,18,Sants,113,3.1,26695.14,34.1,21563,28873,44.3356715823037
2021,3,Sants-Montjuïc,18,Sants,114,3.0,25613.37,32.5,20519,26595,44.3356715823037
2021,3,Sants-Montjuïc,13,la Marina de Port,211,2.7,18045.22,29.3,14303,17402,
2021,3,Sants-Montjuïc,13,la Marina de Port,212,2.5,16758.05,28.9,13518,16012,
2021,3,Sants-Montjuïc,13,la Marina de Port,213,2.5,14238.68,29.0,11370,13321,
2021,4,Les Corts,19,les Corts,1,3.1,24544.09,36.2,19560,25085,45.93357531760436
2021,4,Les Corts,19,les Corts,2,2.8,26992.79,31.9,21553,28198,45.93357531760436
2021,4,Les Corts,19,les Corts,3,2.6,26511.38,31.8,21399,28190,45.93357531760436
2021,4,Les Corts,19,les Corts,4,2.6,24415.77,30.6,19655,25086,45.93357531760436
2021,4,Les Corts,19,les Corts,5,2.6,24043.21,31.0,19197,24125,45.93357531760436
2021,4,Les Corts,19,les Corts,6,2.7,24864.56,30.5,19820,25505,45.93357531760436
2021,4,Les Corts,19,les Corts,7,2.6,21171.03,32.8,16869,21156,45.93357531760436
2021,4,Les Corts,19,les Corts,8,3.1,22241.82,33.5,17678,22212,45.93357531760436
2021,4,Les Corts,19,les Corts,9,2.8,24307.83,32.0,19377,25093,45.93357531760436
2021,4,Les Corts,19,les Corts,10,2.6,26653.98,31.8,21245,27985,46.97169497169497
2021,4,Les Corts,19,les Corts,11,2.6,28709.43,29.6,23153,30286,46.97169497169497
2021,4,Les Corts,19,les Corts,12,2.1,26403.91,26.2,21353,28152,46.97169497169497
2021,4,Les Corts,19,les Corts,13,2.6,28617.52,32.1,22913,30353,46.97169497169497
2021,4,Les Corts,19,les Corts,14,4.2,30546.08,41.7,24480,33623,46.97169497169497
2021,4,Les Corts,19,les Corts,15,2.5,26906.49,28.7,21460,27748,46.97169497169497
2021,4,Les Corts,19,les Corts,16,2.8,28760.21,34.2,23031,30514,46.97169497169497
2021,4,Les Corts,19,les Corts,17,2.7,27145.95,31.9,21899,29393,45.92547864506627
2021,4,Les Corts,19,les Corts,18,2.7,29105.47,35.5,23356,31173,45.92547864506627
2021,4,Les Corts,19,les Corts,19,3.2,33551.53,39.1,27099,38232,45.92547864506627
2021,4,Les Corts,19,les Corts,20,3.5,28641.58,35.1,22922,31235,45.92547864506627
2021,4,Les Corts,19,les Corts,21,3.2,31479.44,36.8,25576,36344,45.92547864506627
2021,4,Les Corts,19,les Corts,22,3.1,27419.65,34.8,21986,29622,45.0935441370224
2021,4,Les Corts,19,les Corts,23,3.2,39936.22,39.2,32039,46570,46.0512315270936
2021,4,Les Corts,19,les Corts,24,2.8,36651.85,36.2,30055,46570,46.0512315270936
2021,4,Les Corts,19,les Corts,25,3.0,26391.02,33.0,20994,27698,44.61127676877202
2021,4,Les Corts,19,les Corts,26,2.8,27840.32,32.2,22198,29058,44.61127676877202
2021,4,Les Corts,19,les Corts,27,3.0,30111.55,37.1,23982,32603,44.61127676877202
2021,4,Les Corts,19,les Corts,28,2.6,27096.13,30.8,21620,28129,46.942601740766875
2021,4,Les Corts,19,les Corts,29,2.7,29858.75,31.7,24135,32612,46.942601740766875
2021,4,Les Corts,19,les Corts,30,2.6,28385.47,30.5,22883,30109,46.942601740766875
2021,4,Les Corts,19,les Corts,31,2.8,24987.96,33.6,19907,25545,46.58368399619927
2021,4,Les Corts,19,les Corts,32,2.4,23806.26,27.9,18983,23970,46.58368399619927
2021,4,Les Corts,19,les Corts,33,2.5,23864.76,30.1,19120,24163,46.58368399619927
2021,4,Les Corts,19,les Corts,34,2.2,29448.38,26.4,23629,30866,46.58368399619927
2021,4,Les Corts,19,les Corts,35,2.6,28066.61,28.7,22479,29013,46.58368399619927
2021,4,Les Corts,20,la Maternitat i Sant Ramon,36,2.8,22650.11,33.6,18061,23096,45.44025559105431
2021,4,Les Corts,20,la Maternitat i Sant Ramon,37,2.8,24575.53,31.1,19682,25398,45.44025559105431
2021,4,Les Corts,20,la Maternitat i Sant Ramon,38,2.6,24746.25,31.4,19857,25000,45.44025559105431
2021,4,Les Corts,20,la Maternitat i Sant Ramon,39,2.9,22832.24,31.1,18164,23177,45.44025559105431
2021,4,Les Corts,20,la Maternitat i Sant Ramon,40,2.9,18973.85,33.2,14924,18638,45.44025559105431
2021,4,Les Corts,20,la Maternitat i Sant Ramon,41,2.8,20723.68,32.2,16471,20317,45.44025559105431
2021,4,Les Corts,20,la Maternitat i Sant Ramon,42,2.7,19736.66,30.8,15808,19300,45.44025559105431
2021,4,Les Corts,20,la Maternitat i Sant Ramon,43,2.5,27882.97,29.5,22614,29939,47.09858677218768
2021,4,Les Corts,20,la Maternitat i Sant Ramon,44,2.6,21925.71,29.8,17519,22234,47.09858677218768
2021,4,Les Corts,20,la Maternitat i Sant Ramon,45,2.5,21612.12,28.2,17251,21440,47.09858677218768
2021,4,Les Corts,20,la Maternitat i Sant Ramon,46,2.4,31956.36,30.4,25831,34876,47.09858677218768
2021,4,Les Corts,20,la Maternitat i Sant Ramon,47,2.7,26010.02,31.7,20835,27177,47.09858677218768
2021,4,Les Corts,20,la Maternitat i Sant Ramon,48,2.5,28396.87,28.7,22687,29775,45.82754279959718
2021,4,Les Corts,20,la Maternitat i Sant Ramon,49,2.9,34422.34,34.1,27584,38494,45.82754279959718
2021,4,Les Corts,21,Pedralbes,50,3.4,40289.66,41.9,32039,46570,45.608360459139966
2021,4,Les Corts,21,Pedralbes,51,3.0,29889.51,35.7,23882,32777,45.608360459139966
2021,4,Les Corts,21,Pedralbes,52,3.3,39929.63,37.4,32039,46570,45.608360459139966
2021,4,Les Corts,21,Pedralbes,53,3.3,24948.95,38.6,20738,33251,42.26546003016591
2021,4,Les Corts,21,Pedralbes,54,3.6,36169.5,40.7,29408,43405,42.26546003016591
2021,4,Les Corts,21,Pedralbes,55,4.2,39375.61,43.3,32039,46570,42.897459727385375
2021,4,Les Corts,21,Pedralbes,56,4.2,33910.74,43.3,28091,46570,42.897459727385375
2021,4,Les Corts,20,la Maternitat i Sant Ramon,84,2.7,29458.95,32.4,23741,31958,
2021,6,Gràcia,28,Vallcarca i els Penitents,1,3.2,21038.97,33.2,16744,21994,43.78575870646766
2021,6,Gràcia,28,Vallcarca i els Penitents,2,3.0,22417.59,32.0,18046,23517,43.78575870646766
2021,6,Gràcia,28,Vallcarca i els Penitents,3,2.8,21392.98,32.4,17007,21726,43.78575870646766
2021,6,Gràcia,28,Vallcarca i els Penitents,4,3.0,23756.07,33.3,18961,24289,43.78575870646766
2021,6,Gràcia,28,Vallcarca i els Penitents,6,2.9,30822.23,34.1,24534,33473,43.61065326633166
2021,6,Gràcia,28,Vallcarca i els Penitents,7,3.0,25069.92,32.5,19814,25927,43.61065326633166
2021,6,Gràcia,28,Vallcarca i els Penitents,8,3.0,24267.3,34.5,19288,24831,43.61065326633166
2021,6,Gràcia,28,Vallcarca i els Penitents,9,3.8,30137.54,39.8,24101,33388,43.72574385510996
2021,6,Gràcia,28,Vallcarca i els Penitents,10,2.9,26376.11,32.9,21130,27797,43.72574385510996
2021,6,Gràcia,28,Vallcarca i els Penitents,11,3.1,25645.03,33.6,20529,26983,46.01552287581699
2021,6,Gràcia,28,Vallcarca i els Penitents,12,2.8,29340.05,32.9,23459,31153,46.01552287581699
2021,6,Gràcia,29,el Coll,13,2.9,21813.32,33.0,17306,22432,43.538260982922694
2021,6,Gràcia,29,el Coll,14,2.7,20954.33,33.1,16861,20906,43.538260982922694
2021,6,Gràcia,29,el Coll,15,2.9,19315.91,34.6,15364,19066,43.538260982922694
2021,6,Gràcia,29,el Coll,16,2.9,18791.82,32.1,14819,18261,43.538260982922694
2021,6,Gràcia,29,el Coll,17,2.7,19969.49,31.2,15734,19781,43.538260982922694
2021,6,Gràcia,30,la Salut,18,2.8,22315.69,32.2,17816,22546,43.729236499068904
2021,6,Gràcia,30,la Salut,19,2.7,22916.38,31.9,18217,23609,43.729236499068904
2021,6,Gràcia,30,la Salut,20,2.9,23698.97,34.2,18867,24111,43.729236499068904
2021,6,Gràcia,30,la Salut,21,2.8,24921.21,32.9,20212,27741,43.729236499068904
2021,6,Gràcia,30,la Salut,22,3.2,23360.62,33.0,18754,24271,45.72090128221088
2021,6,Gràcia,30,la Salut,23,2.3,29938.55,28.2,24168,32150,45.72090128221088
2021,6,Gràcia,30,la Salut,24,2.5,24146.19,30.7,19352,25068,45.72090128221088
2021,6,Gràcia,30,la Salut,25,2.5,25539.37,30.5,20472,26368,45.72090128221088
2021,6,Gràcia,30,la Salut,26,2.7,24118.18,33.4,19276,24460,45.72090128221088
2021,6,Gràcia,30,la Salut,27,2.8,25702.71,32.5,20478,26573,45.72090128221088
2021,6,Gràcia,31,la Vila de Gràcia,28,2.9,21737.24,34.2,17324,21968,44.15927354548377
2021,6,Gràcia,31,la Vila de Gràcia,29,2.7,24758.96,32.5,19759,25165,44.15927354548377
2021,6,Gràcia,31,la Vila de Gràcia,30,2.7,22352.61,30.9,17593,22349,44.15927354548377
2021,6,Gràcia,31,la Vila de Gràcia,31,2.6,24442.81,28.9,19342,25451,44.15927354548377
2021,6,Gràcia,31,la Vila de Gràcia,32,2.6,22335.08,29.9,17669,22385,44.15927354548377
2021,6,Gràcia,31,la Vila de Gràcia,33,2.8,23512.25,33.5,18613,23682,44.99900714853058
2021,6,Gràcia,31,la Vila de Gràcia,34,2.9,22347.46,33.6,17646,22469,44.99900714853058
2021,6,Gràcia,31,la Vila de Gràcia,35,2.7,26973.14,32.7,21464,27821,44.99900714853058
2021,6,Gràcia,31,la Vila de Gràcia,36,2.8,24621.12,33.2,19797,26278,44.99900714853058
2021,6,Gràcia,31,la Vila de Gràcia,37,2.7,24249.01,33.5,19395,25293,42.14148910701461
2021,6,Gràcia,31,la Vila de Gràcia,38,2.7,23318.89,30.9,18425,23624,42.14148910701461
2021,6,Gràcia,31,la Vila de Gràcia,39,3.4,22154.97,34.4,17396,22349,42.14148910701461
2021,6,Gràcia,31,la Vila de Gràcia,40,3.0,25224.24,34.1,20084,26160,42.745271867612296
2021,6,Gràcia,31,la Vila de Gràcia,41,3.3,25669.71,34.9,20306,26745,42.745271867612296
2021,6,Gràcia,31,la Vila de Gràcia,42,3.3,27492.78,36.6,21965,30928,42.745271867612296
2021,6,Gràcia,31,la Vila de Gràcia,43,4.0,24077.54,39.2,19377,25872,41.109960728311314
2021,6,Gràcia,31,la Vila de Gràcia,44,3.4,29348.93,39.4,23333,32322,41.109960728311314
2021,6,Gràcia,31,la Vila de Gràcia,45,3.0,24534.3,36.7,19421,25713,41.073430714567706
2021,6,Gràcia,31,la Vila de Gràcia,46,3.1,23954.36,32.6,18867,24464,41.073430714567706
2021,6,Gràcia,31,la Vila de Gràcia,47,3.1,21255.9,34.8,16688,21347,41.073430714567706
2021,6,Gràcia,31,la Vila de Gràcia,48,3.3,22470.78,36.5,17686,22755,41.073430714567706
2021,6,Gràcia,31,la Vila de Gràcia,49,2.9,23896.05,31.6,18821,24306,41.51373922413793
2021,6,Gràcia,31,la Vila de Gràcia,50,2.9,20664.72,34.2,16394,20774,41.51373922413793
2021,6,Gràcia,31,la Vila de Gràcia,51,3.0,24403.84,34.0,19246,25164,41.51373922413793
2021,6,Gràcia,31,la Vila de Gràcia,52,2.9,22584.52,33.1,17901,22651,42.17355371900826
2021,6,Gràcia,31,la Vila de Gràcia,53,2.8,22711.13,33.4,17941,22916,42.17355371900826
2021,6,Gràcia,31,la Vila de Gràcia,54,2.9,20959.97,32.4,16566,21094,42.17355371900826
2021,6,Gràcia,31,la Vila de Gràcia,55,2.6,22938.62,32.2,17975,22872,42.510011626404854
2021,6,Gràcia,31,la Vila de Gràcia,56,2.9,22391.25,33.4,17411,22341,42.510011626404854
2021,6,Gràcia,31,la Vila de Gràcia,57,3.3,21338.42,34.7,16791,21414,42.510011626404854
2021,6,Gràcia,31,la Vila de Gràcia,58,3.5,24319.67,36.1,19116,24964,42.510011626404854
2021,6,Gràcia,31,la Vila de Gràcia,59,2.7,23336.43,32.5,18461,23375,42.510011626404854
2021,6,Gràcia,31,la Vila de Gràcia,60,2.7,22006.06,31.9,17350,21975,43.502171269758556
2021,6,Gràcia,31,la Vila de Gràcia,61,2.7,22475.44,31.9,17818,22888,43.502171269758556
2021,6,Gràcia,31,la Vila de Gràcia,62,2.5,20536.4,28.6,16421,20692,43.502171269758556
2021,6,Gràcia,31,la Vila de Gràcia,63,2.8,21626.76,31.2,17066,21628,43.502171269758556
2021,6,Gràcia,32,el Camp d'en Grassot i Gràcia Nova,64,2.4,24689.99,32.5,19579,25188,44.52542208422278
2021,6,Gràcia,32,el Camp d'en Grassot i Gràcia Nova,65,2.5,26410.32,29.9,21031,27020,44.52542208422278
2021,6,Gràcia,32,el Camp d'en Grassot i Gràcia Nova,66,2.9,21762.45,32.3,17346,21799,44.52542208422278
2021,6,Gràcia,32,el Camp d'en Grassot i Gràcia Nova,67,2.8,24137.85,32.4,19065,24371,44.52542208422278
2021,6,Gràcia,32,el Camp d'en Grassot i Gràcia Nova,68,2.7,26634.21,33.9,21024,27563,44.52542208422278
2021,6,Gràcia,32,el Camp d'en Grassot i Gràcia Nova,69,3.0,24846.7,34.4,19712,25607,44.52542208422278
2021,6,Gràcia,32,el Camp d'en Grassot i Gràcia Nova,70,2.8,22689.05,31.2,17973,22959,44.52542208422278
2021,6,Gràcia,32,el Camp d'en Grassot i Gràcia Nova,71,3.1,24575.15,32.1,19609,24988,46.494219653179194
2021,6,Gràcia,32,el Camp d'en Grassot i Gràcia Nova,72,2.8,25407.42,30.6,20424,27475,46.494219653179194
2021,6,Gràcia,32,el Camp d'en Grassot i Gràcia Nova,73,2.5,23472.56,29.0,18795,23599,46.494219653179194
2021,6,Gràcia,32,el Camp d'en Grassot i Gràcia Nova,74,3.0,22889.57,33.3,18192,23320,46.494219653179194
2021,6,Gràcia,32,el Camp d'en Grassot i Gràcia Nova,75,2.4,26264.39,28.1,21193,27328,46.494219653179194
2021,6,Gràcia,32,el Camp d'en Grassot i Gràcia Nova,76,2.6,24290.77,30.5,19652,25230,46.494219653179194
2021,6,Gràcia,32,el Camp d'en Grassot i Gràcia Nova,77,3.1,21456.35,31.9,16947,21531,44.092516784018336
2021,6,Gràcia,32,el Camp d'en Grassot i Gràcia Nova,78,3.0,22375.68,32.3,17585,22255,44.092516784018336
2021,6,Gràcia,32,el Camp d'en Grassot i Gràcia Nova,79,2.6,24324.45,29.8,19397,24746,44.092516784018336
2021,6,Gràcia,32,el Camp d'en Grassot i Gràcia Nova,80,2.6,23093.24,29.6,18582,23633,44.092516784018336
2021,6,Gràcia,32,el Camp d'en Grassot i Gràcia Nova,81,2.8,22920.18,32.2,18257,23233,44.092516784018336
2021,6,Gràcia,32,el Camp d'en Grassot i Gràcia Nova,82,2.4,24178.46,29.0,19173,24492,45.41248002840405
2021,6,Gràcia,32,el Camp d'en Grassot i Gràcia Nova,83,2.3,26063.89,29.0,20791,26449,45.41248002840405
2021,6,Gràcia,32,el Camp d'en Grassot i Gràcia Nova,84,2.6,23222.01,29.4,18391,23439,45.41248002840405
2021,6,Gràcia,32,el Camp d'en Grassot i Gràcia Nova,85,2.4,24809.13,29.8,19828,25867,45.41248002840405
2021,6,Gràcia,32,el Camp d'en Grassot i Gràcia Nova,86,2.7,28705.93,32.4,22988,29894,45.41248002840405
2021,6,Gràcia,32,el Camp d'en Grassot i Gràcia Nova,87,2.3,27033.32,27.5,21830,27648,45.41248002840405
2021,6,Gràcia,32,el Camp d'en Grassot i Gràcia Nova,88,2.6,24398.27,30.9,19455,24579,45.41248002840405
2021,7,Horta-Guinardó,33,el Baix Guinardó,1,2.6,23957.18,29.5,19208,24454,47.39324800593582
2021,7,Horta-Guinardó,33,el Baix Guinardó,2,2.8,20907.32,31.8,16633,20495,47.39324800593582
2021,7,Horta-Guinardó,33,el Baix Guinardó,3,2.9,21923.56,33.4,17451,22294,47.39324800593582
2021,7,Horta-Guinardó,33,el Baix Guinardó,4,2.7,20639.47,31.0,16429,20332,47.39324800593582
2021,7,Horta-Guinardó,33,el Baix Guinardó,5,2.6,20695.65,30.7,16394,20393,47.39324800593582
2021,7,Horta-Guinardó,33,el Baix Guinardó,6,2.6,23162.13,29.6,18604,23169,47.39324800593582
2021,7,Horta-Guinardó,33,el Baix Guinardó,7,2.4,20669.73,29.6,16434,20251,47.39324800593582
2021,7,Horta-Guinardó,33,el Baix Guinardó,8,2.6,22317.6,27.9,18031,22431,47.39324800593582
2021,7,Horta-Guinardó,33,el Baix Guinardó,9,2.5,20456.64,28.9,16108,19850,45.41103341103341
2021,7,Horta-Guinardó,33,el Baix Guinardó,10,2.8,22019.27,32.6,17481,22240,45.41103341103341
2021,7,Horta-Guinardó,33,el Baix Guinardó,11,3.1,21049.49,32.8,16741,20865,45.41103341103341
2021,7,Horta-Guinardó,33,el Baix Guinardó,12,3.0,19902.19,30.8,15818,19526,45.41103341103341
2021,7,Horta-Guinardó,33,el Baix Guinardó,13,2.3,24179.79,28.8,19440,24267,45.41103341103341
2021,7,Horta-Guinardó,33,el Baix Guinardó,14,2.9,18376.84,32.3,14800,18466,45.274676611117584
2021,7,Horta-Guinardó,33,el Baix Guinardó,15,2.8,20995.99,31.7,16744,20835,45.274676611117584
2021,7,Horta-Guinardó,33,el Baix Guinardó,16,2.7,23025.7,30.5,18381,23332,45.274676611117584
2021,7,Horta-Guinardó,33,el Baix Guinardó,17,2.7,21322.26,30.5,16861,21022,45.274676611117584
2021,7,Horta-Guinardó,33,el Baix Guinardó,18,2.8,20343.93,31.2,16242,20431,45.274676611117584
2021,7,Horta-Guinardó,33,el Baix Guinardó,19,3.0,21208.34,32.4,16938,21046,45.274676611117584
2021,7,Horta-Guinardó,34,Can Baró,20,2.7,20802.17,31.7,16536,20945,44.481839673329034
2021,7,Horta-Guinardó,34,Can Baró,21,2.7,22869.75,31.8,18322,23545,44.481839673329034
2021,7,Horta-Guinardó,34,Can Baró,22,2.8,19089.94,32.8,15317,18934,44.481839673329034
2021,7,Horta-Guinardó,34,Can Baró,23,2.8,17545.57,31.3,13840,16675,44.481839673329034
2021,7,Horta-Guinardó,34,Can Baró,24,2.9,21016.84,31.0,16576,21212,44.481839673329034
2021,7,Horta-Guinardó,34,Can Baró,25,2.8,19177.78,32.2,15155,18426,44.481839673329034
2021,7,Horta-Guinardó,34,Can Baró,26,2.5,19838.33,29.5,15971,19556,44.481839673329034
2021,7,Horta-Guinardó,35,el Guinardó,27,3.2,18756.69,33.2,14938,18533,43.91944266495836
2021,7,Horta-Guinardó,35,el Guinardó,28,2.9,19803.72,33.7,15635,19674,43.91944266495836
2021,7,Horta-Guinardó,35,el Guinardó,29,3.1,21955.49,33.3,17566,22005,43.91944266495836
2021,7,Horta-Guinardó,35,el Guinardó,30,2.7,17999.6,31.5,14408,17594,43.91944266495836
2021,7,Horta-Guinardó,35,el Guinardó,31,2.9,18354.54,32.5,14553,17805,44.65137389597645
2021,7,Horta-Guinardó,35,el Guinardó,32,2.7,20834.51,30.4,16522,20554,44.65137389597645
2021,7,Horta-Guinardó,35,el Guinardó,33,2.6,21612.09,30.3,17178,21416,44.65137389597645
2021,7,Horta-Guinardó,35,el Guinardó,34,2.8,23201.81,31.2,18246,23520,44.65137389597645
2021,7,Horta-Guinardó,35,el Guinardó,35,2.5,23581.06,28.6,18748,23833,44.65137389597645
2021,7,Horta-Guinardó,35,el Guinardó,36,2.8,23918.34,30.7,19037,23842,44.65137389597645
2021,7,Horta-Guinardó,35,el Guinardó,37,3.1,20803.05,31.9,16625,20577,44.65137389597645
2021,7,Horta-Guinardó,35,el Guinardó,38,2.5,20703.52,28.9,16592,20446,44.65137389597645
2021,7,Horta-Guinardó,35,el Guinardó,39,2.6,21698.05,31.0,17108,21491,43.46212632052146
2021,7,Horta-Guinardó,35,el Guinardó,40,3.1,21671.55,33.7,17070,21412,43.46212632052146
2021,7,Horta-Guinardó,35,el Guinardó,41,2.9,19780.84,31.4,15601,19475,43.46212632052146
2021,7,Horta-Guinardó,35,el Guinardó,42,2.6,21721.93,29.7,17249,21522,45.47417840375587
2021,7,Horta-Guinardó,35,el Guinardó,43,3.1,20976.52,33.2,16664,20653,45.47417840375587
2021,7,Horta-Guinardó,35,el Guinardó,44,2.7,22361.8,32.4,17946,22407,45.47417840375587
2021,7,Horta-Guinardó,35,el Guinardó,45,3.0,19912.89,30.3,15824,19568,45.47417840375587
2021,7,Horta-Guinardó,35,el Guinardó,46,2.5,19448.21,29.4,15587,18956,45.47417840375587
2021,7,Horta-Guinardó,35,el Guinardó,47,2.9,20323.12,32.7,16158,19923,44.845302299176836
2021,7,Horta-Guinardó,35,el Guinardó,48,2.7,21287.19,31.3,16896,20975,44.845302299176836
2021,7,Horta-Guinardó,35,el Guinardó,49,2.8,20547.38,31.7,16494,20279,44.845302299176836
2021,7,Horta-Guinardó,35,el Guinardó,50,3.0,19477.01,33.7,15464,19064,44.845302299176836
2021,7,Horta-Guinardó,35,el Guinardó,51,2.8,19736.93,32.8,15631,19284,44.845302299176836
2021,7,Horta-Guinardó,36,la Font d'en Fargues,52,2.4,24906.15,29.2,19908,26057,45.129205607476635
2021,7,Horta-Guinardó,36,la Font d'en Fargues,53,2.3,22655.1,27.5,18014,22683,45.129205607476635
2021,7,Horta-Guinardó,36,la Font d'en Fargues,54,2.6,28388.94,32.6,22473,29841,45.129205607476635
2021,7,Horta-Guinardó,36,la Font d'en Fargues,55,2.3,28135.39,31.3,22552,30072,45.23170496234794
2021,7,Horta-Guinardó,36,la Font d'en Fargues,56,2.9,22796.57,32.5,18031,22984,45.23170496234794
2021,7,Horta-Guinardó,36,la Font d'en Fargues,57,2.7,23375.62,32.5,18559,23880,45.23170496234794
2021,7,Horta-Guinardó,36,la Font d'en Fargues,58,2.6,22347.72,31.7,17727,22272,45.23170496234794
2021,7,Horta-Guinardó,37,el Carmel,59,2.7,16608.23,30.6,13195,15668,43.87214467005076
2021,7,Horta-Guinardó,37,el Carmel,60,2.7,16008.62,28.7,12739,15088,43.87214467005076
2021,7,Horta-Guinardó,37,el Carmel,61,2.3,16806.71,27.3,13428,15918,43.3933057144736
2021,7,Horta-Guinardó,37,el Carmel,62,2.6,16770.45,28.7,13312,16121,43.3933057144736
2021,7,Horta-Guinardó,37,el Carmel,63,2.3,14292.38,26.9,11462,13331,43.3933057144736
2021,7,Horta-Guinardó,37,el Carmel,64,2.6,14940.9,28.6,11937,13968,43.3933057144736
2021,7,Horta-Guinardó,37,el Carmel,65,2.3,13660.3,28.7,10979,12669,43.3933057144736
2021,7,Horta-Guinardó,37,el Carmel,66,2.4,14596.81,28.9,11682,13639,43.3933057144736
2021,7,Horta-Guinardó,37,el Carmel,67,2.5,14524.79,29.7,11574,13594,43.3933057144736
2021,7,Horta-Guinardó,37,el Carmel,68,2.7,14017.57,28.3,11194,12958,43.3933057144736
2021,7,Horta-Guinardó,37,el Carmel,69,2.4,14806.9,27.3,11844,13844,43.3933057144736
2021,7,Horta-Guinardó,37,el Carmel,70,2.8,14646.36,33.0,11813,13717,43.3933057144736
2021,7,Horta-Guinardó,37,el Carmel,71,2.4,17825.94,28.1,14311,16968,44.49153609401231
2021,7,Horta-Guinardó,37,el Carmel,72,2.5,16916.85,28.4,13445,15982,44.49153609401231
2021,7,Horta-Guinardó,37,el Carmel,73,2.6,15143.38,28.5,12227,14161,44.49153609401231
2021,7,Horta-Guinardó,37,el Carmel,74,2.4,16152.93,28.4,12874,15206,44.49153609401231
2021,7,Horta-Guinardó,37,el Carmel,75,2.6,15148.57,29.7,12171,14186,44.49153609401231
2021,7,Horta-Guinardó,37,el Carmel,76,2.6,15441.38,29.5,12372,14466,44.49153609401231
2021,7,Horta-Guinardó,37,el Carmel,77,2.6,15672.24,29.8,12425,14497,44.49153609401231
2021,7,Horta-Guinardó,37,el Carmel,78,2.4,15079.35,27.6,11999,14166,44.49153609401231
2021,7,Horta-Guinardó,37,el Carmel,79,2.6,15478.31,28.7,12393,14537,44.49153609401231
2021,7,Horta-Guinardó,37,el Carmel,80,2.3,16704.32,27.5,13184,15694,44.49153609401231
2021,7,Horta-Guinardó,38,la Teixonera,81,2.5,17907.1,28.8,14233,17090,43.97862785862786
2021,7,Horta-Guinardó,38,la Teixonera,82,2.7,16535.05,29.4,13129,15584,43.97862785862786
2021,7,Horta-Guinardó,38,la Teixonera,83,2.7,16306.97,28.7,13044,15396,43.97862785862786
2021,7,Horta-Guinardó,38,la Teixonera,84,2.7,16796.52,30.6,13343,15929,43.97862785862786
2021,7,Horta-Guinardó,38,la Teixonera,85,2.5,17092.53,28.2,13598,16426,43.97862785862786
2021,7,Horta-Guinardó,38,la Teixonera,86,2.9,16398.63,32.2,13087,15682,43.97862785862786
2021,7,Horta-Guinardó,38,la Teixonera,87,2.6,17408.04,30.4,13899,16671,43.97862785862786
2021,7,Horta-Guinardó,38,la Teixonera,88,2.7,17153.31,32.2,13561,16773,43.97862785862786
2021,7,Horta-Guinardó,39,Sant Genís dels Agudells,89,2.5,20673.04,29.7,16489,20360,44.820812389620976
2021,7,Horta-Guinardó,39,Sant Genís dels Agudells,90,2.5,17878.42,30.1,14200,17195,44.820812389620976
2021,7,Horta-Guinardó,39,Sant Genís dels Agudells,91,2.7,17809.23,29.5,14228,17274,44.820812389620976
2021,7,Horta-Guinardó,39,Sant Genís dels Agudells,92,2.7,14811.7,29.3,11962,13924,44.820812389620976
2021,7,Horta-Guinardó,39,Sant Genís dels Agudells,93,2.4,17875.34,28.9,14348,17227,44.820812389620976
2021,7,Horta-Guinardó,40,Montbau,94,2.3,19446.56,28.4,15406,18841,46.928837482846504
2021,7,Horta-Guinardó,40,Montbau,95,2.6,19904.23,29.5,15847,19480,46.928837482846504
2021,7,Horta-Guinardó,40,Montbau,96,2.3,18461.14,29.1,14643,17595,46.928837482846504
2021,7,Horta-Guinardó,40,Montbau,97,2.6,21685.66,29.8,17325,21375,46.928837482846504
2021,7,Horta-Guinardó,41,la Vall d'Hebron,98,2.2,23968.35,27.8,19254,27789,47.38309382924768
2021,7,Horta-Guinardó,41,la Vall d'Hebron,99,2.2,23843.66,25.0,18827,23244,47.38309382924768
2021,7,Horta-Guinardó,41,la Vall d'Hebron,100,2.4,20777.24,27.8,16795,20397,47.38309382924768
2021,7,Horta-Guinardó,41,la Vall d'Hebron,101,2.4,20550.96,28.0,16524,20029,47.38309382924768
2021,7,Horta-Guinardó,42,la Clota,102,2.4,20121.82,29.6,15605,19570,37.690744920993225
2021,7,Horta-Guinardó,43,Horta,103,3.2,18281.3,35.9,14592,17958,46.74891736632788
2021,7,Horta-Guinardó,43,Horta,104,2.4,17564.91,29.0,14097,16911,46.74891736632788
2021,7,Horta-Guinardó,43,Horta,105,2.4,21751.81,27.4,17329,21256,46.74891736632788
2021,7,Horta-Guinardó,43,Horta,106,2.8,20194.28,30.4,16279,21169,46.74891736632788
2021,7,Horta-Guinardó,43,Horta,107,2.5,23410.79,30.1,18725,23756,46.74891736632788
2021,7,Horta-Guinardó,43,Horta,108,2.6,20540.66,29.6,16483,21109,46.74891736632788
2021,7,Horta-Guinardó,43,Horta,109,2.5,17308.09,28.2,13882,16498,46.74891736632788
2021,7,Horta-Guinardó,43,Horta,110,2.6,21309.16,30.2,17117,21203,46.74891736632788
2021,7,Horta-Guinardó,43,Horta,111,2.3,23633.99,27.7,19268,24473,46.74891736632788
2021,7,Horta-Guinardó,43,Horta,112,2.4,21337.09,29.6,16977,21165,43.070892978868436
2021,7,Horta-Guinardó,43,Horta,113,2.5,19306.8,27.3,15161,18567,43.070892978868436
2021,7,Horta-Guinardó,43,Horta,114,2.7,22932.28,30.3,18151,22637,43.070892978868436
2021,7,Horta-Guinardó,43,Horta,115,2.6,24491.37,29.8,19383,24490,43.070892978868436
2021,7,Horta-Guinardó,43,Horta,116,2.3,20831.74,28.6,16443,20211,43.070892978868436
2021,7,Horta-Guinardó,43,Horta,117,2.5,21335.74,29.6,16944,20803,43.070892978868436
2021,7,Horta-Guinardó,43,Horta,118,2.6,20651.98,30.6,16462,20265,43.070892978868436
2021,7,Horta-Guinardó,43,Horta,119,2.5,17979.94,30.0,14319,17419,46.324960998439934
2021,7,Horta-Guinardó,43,Horta,120,2.8,18545.6,30.8,14915,18075,46.324960998439934
2021,7,Horta-Guinardó,43,Horta,121,2.5,17319.99,30.4,14003,16652,46.324960998439934
2021,7,Horta-Guinardó,43,Horta,122,2.4,19229.73,28.7,15397,19036,46.324960998439934
2021,7,Horta-Guinardó,43,Horta,123,2.5,21685.83,29.0,17253,21247,46.324960998439934
2021,8,Nou Barris,44,Vilapicina i la Torre Llobeta,1,2.4,19212.49,27.4,15386,18619,46.8507713884993
2021,8,Nou Barris,44,Vilapicina i la Torre Llobeta,2,2.6,21167.21,29.3,16809,20920,46.8507713884993
2021,8,Nou Barris,44,Vilapicina i la Torre Llobeta,3,2.8,18973.92,29.9,15308,18810,46.8507713884993
2021,8,Nou Barris,44,Vilapicina i la Torre Llobeta,4,2.9,17516.21,32.1,14070,17017,46.8507713884993
2021,8,Nou Barris,44,Vilapicina i la Torre Llobeta,5,2.8,19880.46,30.4,15919,19317,46.8507713884993
2021,8,Nou Barris,44,Vilapicina i la Torre Llobeta,6,2.9,19260.46,32.5,15265,18894,46.8507713884993
2021,8,Nou Barris,44,Vilapicina i la Torre Llobeta,7,2.5,20398.74,27.3,16418,19908,46.8507713884993
2021,8,Nou Barris,44,Vilapicina i la Torre Llobeta,8,2.8,19813.56,30.4,15842,19433,46.8507713884993
2021,8,Nou Barris,44,Vilapicina i la Torre Llobeta,9,2.6,18499.21,27.7,14604,17750,42.33193779904306
2021,8,Nou Barris,44,Vilapicina i la Torre Llobeta,10,2.5,21813.02,27.8,17266,21528,45.94956031192965
2021,8,Nou Barris,44,Vilapicina i la Torre Llobeta,11,2.6,21337.98,28.5,16946,21197,45.94956031192965
2021,8,Nou Barris,44,Vilapicina i la Torre Llobeta,12,2.3,20038.93,26.8,15876,19477,45.94956031192965
2021,8,Nou Barris,44,Vilapicina i la Torre Llobeta,13,2.7,18686.72,30.0,15114,18335,45.94956031192965
2021,8,Nou Barris,44,Vilapicina i la Torre Llobeta,14,2.5,19041.99,29.5,15113,18739,45.94956031192965
2021,8,Nou Barris,44,Vilapicina i la Torre Llobeta,15,2.5,17189.52,28.4,13679,16338,45.78657534246575
2021,8,Nou Barris,44,Vilapicina i la Torre Llobeta,16,2.7,18191.29,32.6,14632,17715,45.78657534246575
2021,8,Nou Barris,44,Vilapicina i la Torre Llobeta,17,2.7,20718.95,30.6,16752,20588,45.78657534246575
2021,8,Nou Barris,44,Vilapicina i la Torre Llobeta,18,2.6,19529.54,27.9,15734,18970,45.78657534246575
2021,8,Nou Barris,44,Vilapicina i la Torre Llobeta,19,2.9,17524.95,31.7,14003,16906,45.78657534246575
2021,8,Nou Barris,45,Porta,20,2.5,18475.89,29.9,14694,17809,45.47169410515136
2021,8,Nou Barris,45,Porta,21,2.7,19227.63,31.8,15295,18740,45.47169410515136
2021,8,Nou Barris,45,Porta,22,2.5,18853.13,30.3,15180,18457,45.47169410515136
2021,8,Nou Barris,45,Porta,23,2.6,17243.78,30.7,13684,16282,45.47169410515136
2021,8,Nou Barris,45,Porta,24,2.7,18281.29,30.6,12015,17544,45.47169410515136
2021,8,Nou Barris,45,Porta,25,2.7,16526.06,28.9,13163,15648,45.47169410515136
2021,8,Nou Barris,45,Porta,26,2.5,18952.12,29.2,15064,18370,45.47169410515136
2021,8,Nou Barris,45,Porta,27,2.3,20291.21,27.6,16107,19670,44.60358383616749
2021,8,Nou Barris,45,Porta,28,2.3,17317.97,26.6,14007,16413,44.60358383616749
2021,8,Nou Barris,45,Porta,29,2.7,15483.77,29.5,12429,14677,44.60358383616749
2021,8,Nou Barris,45,Porta,30,2.7,17010.67,29.0,13479,16130,44.60358383616749
2021,8,Nou Barris,45,Porta,31,2.3,18125.41,26.5,14613,17531,43.65494933749026
2021,8,Nou Barris,45,Porta,32,2.8,17925.71,29.2,14389,17357,43.65494933749026
2021,8,Nou Barris,45,Porta,33,2.6,12367.8,29.0,10184,13105,43.65494933749026
2021,8,Nou Barris,45,Porta,34,2.7,14419.95,30.7,11637,13513,43.65494933749026
2021,8,Nou Barris,45,Porta,35,2.4,17761.46,28.1,14199,16822,43.65494933749026
2021,8,Nou Barris,45,Porta,36,2.6,14326.19,29.3,11491,13342,43.65494933749026
2021,8,Nou Barris,45,Porta,37,2.9,16448.78,31.3,13194,15708,43.65494933749026
2021,8,Nou Barris,46,el Turó de la Peira,38,2.9,15085.15,31.1,12044,14278,43.001692047377325
2021,8,Nou Barris,46,el Turó de la Peira,39,3.0,16073.83,31.8,12919,15393,43.001692047377325
2021,8,Nou Barris,46,el Turó de la Peira,40,2.9,13761.44,32.2,11011,12901,43.001692047377325
2021,8,Nou Barris,46,el Turó de la Peira,41,2.6,11295.89,32.3,9086,10421,43.001692047377325
2021,8,Nou Barris,46,el Turó de la Peira,42,2.4,18553.65,28.1,14914,17986,43.001692047377325
2021,8,Nou Barris,46,el Turó de la Peira,43,2.6,16614.0,27.9,13414,15774,43.001692047377325
2021,8,Nou Barris,46,el Turó de la Peira,44,2.6,13892.25,29.9,11169,12955,43.056365721776174
2021,8,Nou Barris,46,el Turó de la Peira,45,2.8,13869.35,30.8,11120,13018,43.056365721776174
2021,8,Nou Barris,46,el Turó de la Peira,46,2.5,15162.26,29.0,12117,14250,43.056365721776174
2021,8,Nou Barris,46,el Turó de la Peira,47,2.8,12544.13,29.7,10145,11704,43.056365721776174
2021,8,Nou Barris,47,Can Peguera,48,2.6,11586.28,27.9,9577,10587,44.35834109972041
2021,8,Nou Barris,47,Can Peguera,49,2.7,15069.39,31.2,12127,14074,44.35834109972041
2021,8,Nou Barris,48,la Guineueta,50,2.1,20920.95,24.0,16905,20546,47.471061748522516
2021,8,Nou Barris,48,la Guineueta,51,2.2,20718.03,25.4,16226,19839,47.471061748522516
2021,8,Nou Barris,48,la Guineueta,52,2.2,18456.32,26.5,14816,17653,47.471061748522516
2021,8,Nou Barris,48,la Guineueta,53,2.3,20177.02,25.7,16179,19513,47.471061748522516
2021,8,Nou Barris,48,la Guineueta,54,2.0,19184.47,24.2,15399,18394,47.471061748522516
2021,8,Nou Barris,48,la Guineueta,55,2.0,23370.53,23.9,18999,23280,47.471061748522516
2021,8,Nou Barris,48,la Guineueta,56,2.6,17197.48,26.7,13830,16457,47.195275009228496
2021,8,Nou Barris,48,la Guineueta,57,2.2,17591.41,25.5,14088,16670,47.195275009228496
2021,8,Nou Barris,48,la Guineueta,58,2.4,16550.41,27.0,13170,15394,47.195275009228496
2021,8,Nou Barris,48,la Guineueta,59,2.1,18306.81,26.2,14544,17389,47.195275009228496
2021,8,Nou Barris,49,Canyelles,60,2.2,19001.32,25.8,15352,18366,48.07563272513243
2021,8,Nou Barris,49,Canyelles,61,2.2,17114.15,25.5,13675,16214,48.07563272513243
2021,8,Nou Barris,49,Canyelles,62,2.0,18609.31,23.0,15154,17934,48.07563272513243
2021,8,Nou Barris,49,Canyelles,63,2.0,21344.17,22.5,17439,21115,48.07563272513243
2021,8,Nou Barris,49,Canyelles,64,2.0,16349.66,22.7,13092,15392,48.07563272513243
2021,8,Nou Barris,50,les Roquetes,65,2.7,12659.37,30.7,10161,11764,39.93065693430657
2021,8,Nou Barris,50,les Roquetes,66,3.1,11778.74,32.0,9500,10859,39.93065693430657
2021,8,Nou Barris,50,les Roquetes,67,2.5,14447.71,28.6,11556,13580,39.93065693430657
2021,8,Nou Barris,50,les Roquetes,68,2.4,12695.08,28.6,10217,11760,39.93065693430657
2021,8,Nou Barris,50,les Roquetes,69,2.5,13207.88,29.5,10670,12267,39.93065693430657
2021,8,Nou Barris,50,les Roquetes,70,2.7,12847.66,29.8,10383,11895,41.77184841453983
2021,8,Nou Barris,50,les Roquetes,71,2.5,13838.0,27.7,11106,12791,41.77184841453983
2021,8,Nou Barris,50,les Roquetes,72,2.5,15376.19,28.3,12439,14603,41.77184841453983
2021,8,Nou Barris,50,les Roquetes,73,2.8,12748.75,29.3,10246,11619,41.77184841453983
2021,8,Nou Barris,50,les Roquetes,74,2.7,12822.62,30.5,10309,11911,41.77184841453983
2021,8,Nou Barris,51,Verdun,75,2.6,15363.88,28.4,12291,14418,44.11287726358149
2021,8,Nou Barris,51,Verdun,76,2.6,15599.19,29.0,12561,14799,44.11287726358149
2021,8,Nou Barris,51,Verdun,77,2.7,12840.37,29.0,10397,11819,44.11287726358149
2021,8,Nou Barris,51,Verdun,78,2.8,13811.17,31.5,11079,12863,42.91748376416656
2021,8,Nou Barris,51,Verdun,79,2.4,13391.42,28.5,10734,12477,42.91748376416656
2021,8,Nou Barris,51,Verdun,80,2.6,14641.82,29.7,11764,13735,42.91748376416656
2021,8,Nou Barris,51,Verdun,81,2.7,13092.56,31.2,10476,12202,42.91748376416656
2021,8,Nou Barris,51,Verdun,82,2.8,15325.22,29.4,12256,14325,42.91748376416656
2021,8,Nou Barris,52,la Prosperitat,83,2.6,15615.87,30.2,12459,14698,44.17389758179232
2021,8,Nou Barris,52,la Prosperitat,84,2.2,16656.16,25.4,13389,15747,44.17389758179232
2021,8,Nou Barris,52,la Prosperitat,85,2.8,14890.14,31.1,11912,14023,44.17389758179232
2021,8,Nou Barris,52,la Prosperitat,86,2.8,16065.41,30.7,12881,15094,44.17389758179232
2021,8,Nou Barris,52,la Prosperitat,87,2.8,15682.13,30.9,12615,14897,45.375608173856634
2021,8,Nou Barris,52,la Prosperitat,88,2.6,16206.13,29.0,12945,15209,45.375608173856634
2021,8,Nou Barris,52,la Prosperitat,89,2.8,15543.4,31.2,12480,14689,45.375608173856634
2021,8,Nou Barris,52,la Prosperitat,90,2.6,16641.06,29.6,13267,15702,45.375608173856634
2021,8,Nou Barris,52,la Prosperitat,91,2.3,16155.12,26.6,12975,15137,45.375608173856634
2021,8,Nou Barris,52,la Prosperitat,92,2.7,16904.22,28.8,13743,16143,48.453823652319265
2021,8,Nou Barris,52,la Prosperitat,93,2.3,15996.06,26.9,12805,15080,48.453823652319265
2021,8,Nou Barris,52,la Prosperitat,94,2.3,16881.01,24.9,13747,16066,48.453823652319265
2021,8,Nou Barris,52,la Prosperitat,95,2.1,19570.57,24.2,15693,18923,48.453823652319265
2021,8,Nou Barris,52,la Prosperitat,96,2.7,16254.18,29.5,13009,15525,44.633094934848636
2021,8,Nou Barris,52,la Prosperitat,97,2.7,15610.06,30.2,12450,14681,44.633094934848636
2021,8,Nou Barris,52,la Prosperitat,98,2.5,14961.95,28.9,11981,13948,44.633094934848636
2021,8,Nou Barris,52,la Prosperitat,99,2.4,15513.06,28.5,12306,14631,44.633094934848636
2021,8,Nou Barris,52,la Prosperitat,100,2.5,15857.7,27.4,12619,14863,44.633094934848636
2021,8,Nou Barris,52,la Prosperitat,101,2.5,16451.3,26.9,13323,15681,44.633094934848636
2021,8,Nou Barris,52,la Prosperitat,102,2.5,13487.11,29.4,10875,12525,44.633094934848636
2021,8,Nou Barris,53,la Trinitat Nova,103,2.3,11643.77,28.0,9398,10632,42.1224221725995
2021,8,Nou Barris,53,la Trinitat Nova,104,2.5,13136.78,29.9,10546,12057,42.1224221725995
2021,8,Nou Barris,53,la Trinitat Nova,105,2.3,13200.64,26.1,10663,12152,42.1224221725995
2021,8,Nou Barris,53,la Trinitat Nova,106,2.6,12329.62,28.7,9940,11408,42.1224221725995
2021,8,Nou Barris,53,la Trinitat Nova,107,2.2,13341.67,26.4,10796,12288,42.1224221725995
2021,8,Nou Barris,54,Torre Baró,108,2.7,12560.64,30.7,10066,11558,38.42264808362369
2021,8,Nou Barris,54,Torre Baró,109,2.3,11705.27,28.4,9561,10692,38.42264808362369
2021,8,Nou Barris,55,Ciutat Meridiana,110,2.9,9754.81,30.6,7957,8889,39.585547576301614
2021,8,Nou Barris,55,Ciutat Meridiana,111,2.6,10808.88,28.4,8813,9847,39.585547576301614
2021,8,Nou Barris,55,Ciutat Meridiana,112,2.9,10930.87,31.1,8926,10180,39.585547576301614
2021,8,Nou Barris,55,Ciutat Meridiana,113,2.9,11042.85,30.3,9011,10143,39.585547576301614
2021,8,Nou Barris,55,Ciutat Meridiana,114,2.8,11641.12,29.1,9494,10721,39.585547576301614
2021,8,Nou Barris,55,Ciutat Meridiana,115,2.7,11461.92,30.2,9328,10544,39.585547576301614
2021,8,Nou Barris,56,Vallbona,116,2.4,12636.95,28.4,10132,11620,37.80187207488299
2021,8,Nou Barris,48,la Guineueta,215,2.2,20394.17,26.6,16248,19825,
2021,9,Sant Andreu,57,la Trinitat Vella,1,2.9,10242.46,31.0,8337,9444,39.3030042918455
2021,9,Sant Andreu,57,la Trinitat Vella,2,3.2,11885.26,33.5,9565,11043,39.3030042918455
2021,9,Sant Andreu,57,la Trinitat Vella,3,2.6,11849.72,30.4,9676,11305,39.3030042918455
2021,9,Sant Andreu,57,la Trinitat Vella,4,3.1,12796.8,30.9,10317,11946,39.3030042918455
2021,9,Sant Andreu,57,la Trinitat Vella,5,2.7,16648.42,30.6,13149,15987,39.3030042918455
2021,9,Sant Andreu,58,Baró de Viver,6,2.5,13168.66,28.4,10638,12062,40.10546574287914
2021,9,Sant Andreu,58,Baró de Viver,7,2.5,11917.29,28.6,9671,10910,40.10546574287914
2021,9,Sant Andreu,59,el Bon Pastor,8,2.1,25076.63,27.1,19225,24979,37.5438919582566
2021,9,Sant Andreu,59,el Bon Pastor,9,2.5,18537.25,29.4,14670,17828,37.5438919582566
2021,9,Sant Andreu,59,el Bon Pastor,10,2.4,16094.93,27.6,12999,15129,41.611121782558584
2021,9,Sant Andreu,59,el Bon Pastor,11,2.8,13646.83,28.9,11087,12672,41.611121782558584
2021,9,Sant Andreu,59,el Bon Pastor,13,2.8,11827.97,30.8,9572,11026,41.611121782558584
2021,9,Sant Andreu,59,el Bon Pastor,14,2.5,13844.15,29.0,11139,12951,41.611121782558584
2021,9,Sant Andreu,59,el Bon Pastor,15,2.7,13719.56,29.9,10989,12847,41.611121782558584
2021,9,Sant Andreu,60,Sant Andreu,16,2.1,20541.2,25.8,16364,19907,44.75847247478922
2021,9,Sant Andreu,60,Sant Andreu,17,2.2,20564.37,26.7,16187,20002,44.75847247478922
2021,9,Sant Andreu,60,Sant Andreu,18,2.1,20593.96,23.9,16269,19998,44.75847247478922
2021,9,Sant Andreu,60,Sant Andreu,19,2.0,22284.13,25.0,17558,21931,44.75847247478922
2021,9,Sant Andreu,60,Sant Andreu,20,2.2,21929.76,26.3,17593,21728,44.75847247478922
2021,9,Sant Andreu,60,Sant Andreu,21,2.4,22326.58,28.2,17726,22274,44.75847247478922
2021,9,Sant Andreu,60,Sant Andreu,22,2.6,23043.79,32.6,18272,23019,44.75847247478922
2021,9,Sant Andreu,60,Sant Andreu,23,2.2,22765.63,26.3,17896,22379,44.75847247478922
2021,9,Sant Andreu,60,Sant Andreu,24,2.2,21756.02,26.0,17241,21307,46.290552241677894
2021,9,Sant Andreu,60,Sant Andreu,25,2.5,22833.31,29.0,18041,23242,46.290552241677894
2021,9,Sant Andreu,60,Sant Andreu,26,2.4,22876.87,27.2,18254,22597,46.290552241677894
2021,9,Sant Andreu,60,Sant Andreu,27,2.3,22391.67,26.5,17987,21946,46.290552241677894
2021,9,Sant Andreu,60,Sant Andreu,28,2.0,24938.3,23.4,19339,24820,42.68928035982009
2021,9,Sant Andreu,60,Sant Andreu,29,2.2,19916.13,25.4,15969,19381,42.68928035982009
2021,9,Sant Andreu,60,Sant Andreu,30,2.2,22874.31,25.6,17826,22085,42.68928035982009
2021,9,Sant Andreu,60,Sant Andreu,31,2.2,22800.25,27.3,17776,22495,42.68928035982009
2021,9,Sant Andreu,60,Sant Andreu,32,2.8,17337.29,30.1,13645,16440,41.589292330492775
2021,9,Sant Andreu,60,Sant Andreu,33,2.4,20061.98,28.1,15799,19252,41.589292330492775
2021,9,Sant Andreu,60,Sant Andreu,34,2.4,17815.14,26.5,14364,17209,45.77223661485319
2021,9,Sant Andreu,60,Sant Andreu,35,2.5,19895.87,28.3,15911,19506,45.77223661485319
2021,9,Sant Andreu,60,Sant Andreu,36,2.1,21400.8,24.7,17129,20885,45.77223661485319
2021,9,Sant Andreu,60,Sant Andreu,37,2.8,17072.49,32.0,13677,16369,45.77223661485319
2021,9,Sant Andreu,60,Sant Andreu,38,2.3,22155.22,27.2,17492,21896,45.77223661485319
2021,9,Sant Andreu,60,Sant Andreu,39,2.3,21218.84,27.4,16853,20648,45.77223661485319
2021,9,Sant Andreu,60,Sant Andreu,40,2.4,22742.3,29.3,17812,22593,44.70721307592088
2021,9,Sant Andreu,60,Sant Andreu,41,2.2,20242.53,25.9,16135,19686,44.70721307592088
2021,9,Sant Andreu,60,Sant Andreu,42,2.6,23265.41,29.4,18375,23391,44.70721307592088
2021,9,Sant Andreu,60,Sant Andreu,43,2.3,19529.0,26.6,15506,18938,44.70721307592088
2021,9,Sant Andreu,60,Sant Andreu,44,2.7,21483.31,30.3,16988,21294,44.70721307592088
2021,9,Sant Andreu,60,Sant Andreu,45,2.4,21798.98,27.8,17245,21327,44.70721307592088
2021,9,Sant Andreu,60,Sant Andreu,46,2.3,23096.91,26.5,18308,23084,45.634752347037875
2021,9,Sant Andreu,60,Sant Andreu,47,2.5,23050.52,29.5,18227,23112,45.634752347037875
2021,9,Sant Andreu,60,Sant Andreu,48,2.3,20754.53,27.6,16582,20297,45.634752347037875
2021,9,Sant Andreu,60,Sant Andreu,49,2.8,19471.71,32.4,15688,19119,45.634752347037875
2021,9,Sant Andreu,60,Sant Andreu,50,2.8,22428.8,32.5,17883,22574,45.634752347037875
2021,9,Sant Andreu,60,Sant Andreu,51,2.7,22243.85,29.1,17686,21913,45.634752347037875
2021,9,Sant Andreu,60,Sant Andreu,52,2.3,20973.8,26.7,16678,20543,45.634752347037875
2021,9,Sant Andreu,60,Sant Andreu,53,2.4,22864.99,28.5,18243,22896,45.634752347037875
2021,9,Sant Andreu,60,Sant Andreu,54,2.5,22266.47,28.3,17824,22076,45.634752347037875
2021,9,Sant Andreu,61,la Sagrera,55,2.5,16820.72,26.5,13809,16391,45.69590294351631
2021,9,Sant Andreu,61,la Sagrera,56,2.4,20889.65,26.4,16945,20384,45.69590294351631
2021,9,Sant Andreu,61,la Sagrera,57,2.9,18432.68,30.8,14733,17940,45.69590294351631
2021,9,Sant Andreu,61,la Sagrera,58,3.1,21329.01,32.5,16714,21115,45.69590294351631
2021,9,Sant Andreu,61,la Sagrera,59,2.7,20217.22,29.8,15977,19918,45.69590294351631
2021,9,Sant Andreu,61,la Sagrera,60,2.4,19857.07,27.6,15781,19235,45.69590294351631
2021,9,Sant Andreu,61,la Sagrera,61,2.2,23335.92,24.8,18307,23042,41.2398236092266
2021,9,Sant Andreu,61,la Sagrera,62,2.7,21022.11,29.6,16406,20548,41.2398236092266
2021,9,Sant Andreu,61,la Sagrera,63,2.4,23131.03,27.5,18082,22695,45.37613559322034
2021,9,Sant Andreu,61,la Sagrera,64,2.4,21467.02,26.7,17207,21138,45.37613559322034
2021,9,Sant Andreu,61,la Sagrera,65,2.8,19235.44,29.3,15430,18812,45.37613559322034
2021,9,Sant Andreu,61,la Sagrera,66,2.4,22391.17,27.8,17764,22144,45.37613559322034
2021,9,Sant Andreu,61,la Sagrera,67,2.6,18331.69,29.9,14608,17643,45.37613559322034
2021,9,Sant Andreu,61,la Sagrera,68,2.4,21253.57,28.5,16871,20865,46.21705084371898
2021,9,Sant Andreu,61,la Sagrera,69,2.2,20127.15,27.2,16092,19647,46.21705084371898
2021,9,Sant Andreu,61,la Sagrera,70,2.8,15090.42,32.3,12138,14301,46.21705084371898
2021,9,Sant Andreu,61,la Sagrera,71,2.8,18334.29,30.4,14705,17933,46.21705084371898
2021,9,Sant Andreu,61,la Sagrera,72,3.0,16358.53,31.2,13082,15508,46.21705084371898
2021,9,Sant Andreu,61,la Sagrera,73,2.6,20988.73,28.9,16848,20470,46.21705084371898
2021,9,Sant Andreu,62,el Congrés i els Indians,74,2.4,19201.9,27.8,15272,18673,45.13056520366277
2021,9,Sant Andreu,62,el Congrés i els Indians,75,2.9,18883.34,31.4,15110,18517,45.13056520366277
2021,9,Sant Andreu,62,el Congrés i els Indians,76,2.9,19149.37,29.9,15138,18532,45.13056520366277
2021,9,Sant Andreu,62,el Congrés i els Indians,77,2.2,20181.83,27.0,15977,19444,45.13056520366277
2021,9,Sant Andreu,62,el Congrés i els Indians,78,2.5,19841.0,30.1,15733,19357,44.63756419662509
2021,9,Sant Andreu,62,el Congrés i els Indians,79,2.9,21333.84,29.9,17000,21247,44.63756419662509
2021,9,Sant Andreu,62,el Congrés i els Indians,80,2.7,20181.83,30.4,16154,19732,44.63756419662509
2021,9,Sant Andreu,62,el Congrés i els Indians,81,2.6,20239.75,29.8,16030,19665,44.63756419662509
2021,9,Sant Andreu,62,el Congrés i els Indians,82,2.7,20634.65,31.7,16260,20538,44.63756419662509
2021,9,Sant Andreu,63,Navas,83,2.9,20882.88,30.4,16654,20600,45.60210024708789
2021,9,Sant Andreu,63,Navas,84,2.5,22304.05,29.0,17776,22376,45.60210024708789
2021,9,Sant Andreu,63,Navas,85,2.6,20789.87,30.5,16484,20513,45.60210024708789
2021,9,Sant Andreu,63,Navas,86,2.8,20196.32,31.0,16143,20128,45.60210024708789
2021,9,Sant Andreu,63,Navas,87,2.5,21222.92,28.6,16934,20913,45.60210024708789
2021,9,Sant Andreu,63,Navas,88,2.8,18406.05,30.4,14762,18176,45.60210024708789
2021,9,Sant Andreu,63,Navas,89,2.5,19173.53,29.4,15410,18826,45.60210024708789
2021,9,Sant Andreu,63,Navas,90,2.7,18861.94,29.5,15227,18886,45.449986272535924
2021,9,Sant Andreu,63,Navas,91,2.5,20289.43,29.2,16236,19860,45.449986272535924
2021,9,Sant Andreu,63,Navas,92,2.5,20656.6,28.2,16506,20466,45.449986272535924
2021,9,Sant Andreu,63,Navas,93,2.7,20339.32,28.6,16219,19907,45.449986272535924
2021,9,Sant Andreu,63,Navas,94,2.5,20830.62,29.4,16594,20641,45.449986272535924
2021,9,Sant Andreu,63,Navas,95,2.6,20950.04,30.1,16517,20584,45.449986272535924
2021,9,Sant Andreu,61,la Sagrera,156,2.4,18693.04,26.0,15472,18420,
2021,10,Sant Martí,64,el Camp de l'Arpa del Clot,1,3.1,18680.16,32.4,14863,18115,44.888347147732816
2021,10,Sant Martí,64,el Camp de l'Arpa del Clot,2,2.7,20058.57,30.2,15795,19652,44.888347147732816
2021,10,Sant Martí,64,el Camp de l'Arpa del Clot,3,2.9,20067.62,32.5,15884,20151,44.888347147732816
2021,10,Sant Martí,64,el Camp de l'Arpa del Clot,4,2.6,20433.84,28.7,16234,20005,44.888347147732816
2021,10,Sant Martí,64,el Camp de l'Arpa del Clot,5,2.8,20774.65,30.6,16789,20692,44.888347147732816
2021,10,Sant Martí,64,el Camp de l'Arpa del Clot,6,2.5,22193.12,31.1,17559,22200,45.68042216358839
2021,10,Sant Martí,64,el Camp de l'Arpa del Clot,7,2.5,26931.88,28.4,21636,27541,45.68042216358839
2021,10,Sant Martí,64,el Camp de l'Arpa del Clot,8,2.9,21196.18,32.9,17000,21057,45.68042216358839
2021,10,Sant Martí,64,el Camp de l'Arpa del Clot,9,3.3,21748.68,32.6,17258,21580,45.68042216358839
2021,10,Sant Martí,64,el Camp de l'Arpa del Clot,10,3.2,20102.82,32.2,15931,19845,45.68042216358839
2021,10,Sant Martí,64,el Camp de l'Arpa del Clot,11,2.8,22862.0,32.8,18141,22760,45.68042216358839
2021,10,Sant Martí,64,el Camp de l'Arpa del Clot,12,2.9,22395.79,31.2,17869,22713,44.9470258542759
2021,10,Sant Martí,64,el Camp de l'Arpa del Clot,13,2.9,20770.9,32.1,16523,20644,44.9470258542759
2021,10,Sant Martí,64,el Camp de l'Arpa del Clot,14,2.9,19650.22,31.7,15688,19708,44.9470258542759
2021,10,Sant Martí,64,el Camp de l'Arpa del Clot,15,3.1,20582.97,34.0,16447,20610,44.9470258542759
2021,10,Sant Martí,64,el Camp de l'Arpa del Clot,16,2.6,22257.86,29.8,17829,22313,44.9470258542759
2021,10,Sant Martí,64,el Camp de l'Arpa del Clot,17,2.9,20686.08,33.1,16646,20714,44.9470258542759
2021,10,Sant Martí,64,el Camp de l'Arpa del Clot,18,2.8,20454.03,30.9,16085,19907,44.9470258542759
2021,10,Sant Martí,64,el Camp de l'Arpa del Clot,19,2.6,21159.45,28.4,16948,21278,44.829987014284285
2021,10,Sant Martí,64,el Camp de l'Arpa del Clot,20,2.5,18751.98,29.0,15038,18214,44.829987014284285
2021,10,Sant Martí,64,el Camp de l'Arpa del Clot,21,2.8,19329.03,32.9,15345,18979,44.829987014284285
2021,10,Sant Martí,64,el Camp de l'Arpa del Clot,22,2.6,20722.52,30.3,16333,20373,44.829987014284285
2021,10,Sant Martí,64,el Camp de l'Arpa del Clot,23,2.8,19394.35,30.5,15455,19146,44.829987014284285
2021,10,Sant Martí,64,el Camp de l'Arpa del Clot,24,2.6,21682.1,30.3,17040,21487,44.829987014284285
2021,10,Sant Martí,64,el Camp de l'Arpa del Clot,25,2.9,19741.09,30.6,15683,19525,44.829987014284285
2021,10,Sant Martí,65,el Clot,26,3.1,21933.69,31.7,17299,21989,44.84714045416316
2021,10,Sant Martí,65,el Clot,27,2.6,21733.95,28.9,17284,21539,44.84714045416316
2021,10,Sant Martí,65,el Clot,28,2.9,20504.72,32.2,16207,20310,44.84714045416316
2021,10,Sant Martí,65,el Clot,29,2.5,19379.78,28.8,15399,18998,44.84714045416316
2021,10,Sant Martí,65,el Clot,30,2.4,20287.49,26.8,16210,19824,44.84714045416316
2021,10,Sant Martí,65,el Clot,31,2.8,20967.86,30.8,16619,20420,44.84714045416316
2021,10,Sant Martí,65,el Clot,32,2.4,21534.6,26.8,16940,21136,44.598083317035005
2021,10,Sant Martí,65,el Clot,33,2.4,24079.78,28.1,19430,24252,44.598083317035005
2021,10,Sant Martí,65,el Clot,34,2.6,19733.71,29.1,15820,19226,44.598083317035005
2021,10,Sant Martí,65,el Clot,35,2.3,23056.97,26.5,18018,22776,44.598083317035005
2021,10,Sant Martí,65,el Clot,36,2.4,24034.98,27.6,18566,24126,44.598083317035005
2021,10,Sant Martí,65,el Clot,37,2.6,15855.63,29.8,12606,15165,44.598083317035005
2021,10,Sant Martí,65,el Clot,38,2.4,23546.25,29.9,18328,22422,43.58887614678899
2021,10,Sant Martí,65,el Clot,39,2.8,19544.97,31.6,15391,19207,43.58887614678899
2021,10,Sant Martí,65,el Clot,40,3.0,20104.8,31.5,16004,19892,43.58887614678899
2021,10,Sant Martí,65,el Clot,41,2.9,21031.73,33.9,16736,20947,43.58887614678899
2021,10,Sant Martí,66,el Parc i la Llacuna del Poblenou,42,2.9,19136.18,32.1,14942,18636,37.92
2021,10,Sant Martí,66,el Parc i la Llacuna del Poblenou,43,3.3,19147.26,34.4,15112,20145,37.92
2021,10,Sant Martí,66,el Parc i la Llacuna del Poblenou,44,2.3,21708.17,29.0,17470,21882,46.00624639630982
2021,10,Sant Martí,66,el Parc i la Llacuna del Poblenou,45,2.7,23319.13,29.2,18553,23642,46.00624639630982
2021,10,Sant Martí,66,el Parc i la Llacuna del Poblenou,46,2.8,23486.37,30.8,18860,23550,46.00624639630982
2021,10,Sant Martí,66,el Parc i la Llacuna del Poblenou,47,2.8,22790.69,30.6,18334,22921,46.00624639630982
2021,10,Sant Martí,66,el Parc i la Llacuna del Poblenou,48,2.9,23885.47,32.1,18851,24369,46.00624639630982
2021,10,Sant Martí,66,el Parc i la Llacuna del Poblenou,49,2.7,22249.49,31.3,17719,22281,46.00624639630982
2021,10,Sant Martí,66,el Parc i la Llacuna del Poblenou,50,2.5,23114.31,30.0,18438,23201,46.00624639630982
2021,10,Sant Martí,67,la Vila Olímpica del Poblenou,51,2.8,23725.43,30.7,18720,24252,41.23051754907793
2021,10,Sant Martí,67,la Vila Olímpica del Poblenou,52,2.9,30151.24,33.3,23591,32671,41.23051754907793
2021,10,Sant Martí,67,la Vila Olímpica del Poblenou,53,2.6,34171.95,31.7,27126,37475,41.23051754907793
2021,10,Sant Martí,67,la Vila Olímpica del Poblenou,54,2.6,28913.33,32.5,22887,31697,41.23051754907793
2021,10,Sant Martí,67,la Vila Olímpica del Poblenou,55,2.7,31922.04,32.2,25476,36493,41.71400778210117
2021,10,Sant Martí,68,el Poblenou,56,2.9,17267.56,34.4,13934,20321,40.40191921446106
2021,10,Sant Martí,68,el Poblenou,57,2.8,20462.18,33.1,16064,20201,40.40191921446106
2021,10,Sant Martí,68,el Poblenou,58,2.5,19963.69,29.8,15709,19460,40.40191921446106
2021,10,Sant Martí,68,el Poblenou,59,3.0,22882.24,36.7,17963,23466,42.591132271983334
2021,10,Sant Martí,68,el Poblenou,60,3.1,20480.11,34.0,16031,20493,42.591132271983334
2021,10,Sant Martí,68,el Poblenou,61,2.7,23015.08,30.7,18324,23429,42.591132271983334
2021,10,Sant Martí,68,el Poblenou,62,2.7,22374.49,30.6,17784,23564,42.591132271983334
2021,10,Sant Martí,68,el Poblenou,63,2.6,22068.44,29.5,17745,23344,40.963505093462565
2021,10,Sant Martí,68,el Poblenou,64,2.9,23365.98,32.6,18318,23764,40.963505093462565
2021,10,Sant Martí,68,el Poblenou,65,2.7,23720.54,31.8,18573,23635,40.963505093462565
2021,10,Sant Martí,68,el Poblenou,66,2.8,22914.57,32.1,17961,23146,40.963505093462565
2021,10,Sant Martí,68,el Poblenou,67,2.8,29049.53,32.2,22433,30316,40.963505093462565
2021,10,Sant Martí,68,el Poblenou,68,2.8,25036.86,29.4,19439,25950,40.963505093462565
2021,10,Sant Martí,68,el Poblenou,69,3.3,25526.36,35.9,19826,26456,42.01215665153497
2021,10,Sant Martí,68,el Poblenou,70,3.0,21295.97,32.4,16648,20971,42.01215665153497
2021,10,Sant Martí,68,el Poblenou,71,2.4,24097.86,27.9,18961,24249,42.01215665153497
2021,10,Sant Martí,68,el Poblenou,72,2.5,21600.93,31.9,16945,21663,42.01215665153497
2021,10,Sant Martí,68,el Poblenou,73,2.5,19781.55,27.8,15797,19113,42.01215665153497
2021,10,Sant Martí,68,el Poblenou,74,2.9,20627.94,32.9,16183,20212,42.01215665153497
2021,10,Sant Martí,68,el Poblenou,75,2.5,20227.58,28.9,15995,19962,42.01215665153497
2021,10,Sant Martí,69,Diagonal Mar i el Front Marítim del Poblenou,76,2.6,24840.41,29.8,18981,24632,43.24473633378405
2021,10,Sant Martí,69,Diagonal Mar i el Front Marítim del Poblenou,77,2.4,26367.35,28.7,20587,28664,39.609748010610076
2021,10,Sant Martí,69,Diagonal Mar i el Front Marítim del Poblenou,78,2.7,27028.88,33.2,21121,29057,39.609748010610076
2021,10,Sant Martí,69,Diagonal Mar i el Front Marítim del Poblenou,79,2.4,23188.86,29.0,18273,23442,39.609748010610076
2021,10,Sant Martí,69,Diagonal Mar i el Front Marítim del Poblenou,80,4.2,28782.92,41.0,23029,34144,36.43254146122815
2021,10,Sant Martí,70,el Besòs i el Maresme,81,3.0,16071.49,35.1,12800,15482,38.687011537030145
2021,10,Sant Martí,70,el Besòs i el Maresme,82,2.9,9407.9,31.5,7725,8743,38.687011537030145
2021,10,Sant Martí,70,el Besòs i el Maresme,83,2.8,8503.23,30.6,7028,7845,38.687011537030145
2021,10,Sant Martí,70,el Besòs i el Maresme,84,2.8,11971.94,30.2,9686,11161,38.687011537030145
2021,10,Sant Martí,70,el Besòs i el Maresme,85,2.8,10733.12,31.1,8762,9929,41.61519318925999
2021,10,Sant Martí,70,el Besòs i el Maresme,86,2.9,12626.71,30.4,10179,11718,41.61519318925999
2021,10,Sant Martí,70,el Besòs i el Maresme,87,2.6,12794.37,29.0,10322,11812,41.61519318925999
2021,10,Sant Martí,70,el Besòs i el Maresme,88,2.5,17436.39,27.7,13982,16678,41.61519318925999
2021,10,Sant Martí,70,el Besòs i el Maresme,89,2.9,12899.39,30.7,10406,11986,36.38834498834499
2021,10,Sant Martí,70,el Besòs i el Maresme,90,2.6,14643.25,30.0,11685,13782,46.4406468822941
2021,10,Sant Martí,70,el Besòs i el Maresme,91,2.6,16426.98,28.5,13133,15540,46.4406468822941
2021,10,Sant Martí,70,el Besòs i el Maresme,92,2.2,18920.76,25.8,15481,18661,46.4406468822941
2021,10,Sant Martí,70,el Besòs i el Maresme,93,2.1,20263.61,25.7,16435,20047,46.4406468822941
2021,10,Sant Martí,71,Provençals del Poblenou,94,3.1,22223.78,32.9,17189,22275,37.497333642476235
2021,10,Sant Martí,71,Provençals del Poblenou,95,2.7,17905.84,31.4,14059,17226,37.497333642476235
2021,10,Sant Martí,71,Provençals del Poblenou,96,2.7,23289.93,32.3,18118,23321,42.75121328224777
2021,10,Sant Martí,71,Provençals del Poblenou,97,2.4,23475.81,30.3,18451,24217,42.75121328224777
2021,10,Sant Martí,71,Provençals del Poblenou,98,2.5,21958.34,26.1,17264,21588,42.75121328224777
2021,10,Sant Martí,71,Provençals del Poblenou,99,2.8,14795.48,30.2,11929,14114,42.75121328224777
2021,10,Sant Martí,71,Provençals del Poblenou,100,2.5,17646.86,28.9,14102,17108,42.75121328224777
2021,10,Sant Martí,71,Provençals del Poblenou,101,2.9,17330.55,32.8,13639,17168,45.1043177507531
2021,10,Sant Martí,71,Provençals del Poblenou,102,2.6,17268.2,28.2,13789,16483,45.1043177507531
2021,10,Sant Martí,71,Provençals del Poblenou,103,2.2,19019.66,25.3,15310,18445,45.1043177507531
2021,10,Sant Martí,71,Provençals del Poblenou,104,2.1,22493.64,24.5,17837,22039,45.1043177507531
2021,10,Sant Martí,72,Sant Martí de Provençals,105,2.3,20255.48,26.8,16029,19644,46.11220806794055
2021,10,Sant Martí,72,Sant Martí de Provençals,106,2.2,18942.93,27.0,15270,18532,46.11220806794055
2021,10,Sant Martí,72,Sant Martí de Provençals,107,2.2,23811.29,27.0,18763,23574,46.11220806794055
2021,10,Sant Martí,72,Sant Martí de Provençals,108,2.2,18996.6,26.3,15241,18039,46.11220806794055
2021,10,Sant Martí,72,Sant Martí de Provençals,109,2.3,17572.62,27.2,14108,16702,46.11220806794055
2021,10,Sant Martí,72,Sant Martí de Provençals,110,2.3,17626.6,27.3,14008,16699,46.11220806794055
2021,10,Sant Martí,72,Sant Martí de Provençals,111,2.5,18073.52,29.0,14520,17449,44.9922044960116
2021,10,Sant Martí,72,Sant Martí de Provençals,112,2.3,22212.77,26.1,18028,22159,44.9922044960116
2021,10,Sant Martí,72,Sant Martí de Provençals,113,2.6,18153.69,30.0,14290,17512,44.9922044960116
2021,10,Sant Martí,72,Sant Martí de Provençals,114,2.7,15745.68,29.2,12535,14879,44.9922044960116
2021,10,Sant Martí,72,Sant Martí de Provençals,115,2.5,16977.62,26.8,13576,16106,47.38303918635956
2021,10,Sant Martí,72,Sant Martí de Provençals,116,2.6,16292.58,27.7,13033,15408,47.38303918635956
2021,10,Sant Martí,72,Sant Martí de Provençals,117,2.0,17679.78,24.0,14233,17062,47.38303918635956
2021,10,Sant Martí,72,Sant Martí de Provençals,118,2.2,22426.26,25.0,17949,22221,47.38303918635956
2021,10,Sant Martí,72,Sant Martí de Provençals,119,2.5,16351.52,28.7,13146,15422,47.38303918635956
2021,10,Sant Martí,72,Sant Martí de Provençals,120,2.8,17528.96,29.9,14033,16740,46.106646058732615
2021,10,Sant Martí,72,Sant Martí de Provençals,121,2.5,16873.38,27.8,13427,15960,46.106646058732615
2021,10,Sant Martí,72,Sant Martí de Provençals,122,2.3,20944.64,26.7,16878,20624,46.106646058732615
2021,10,Sant Martí,73,la Verneda i la Pau,123,2.4,18706.27,27.6,14930,18055,46.891823444283645
2021,10,Sant Martí,73,la Verneda i la Pau,124,2.2,19469.61,26.4,15673,18929,46.891823444283645
2021,10,Sant Martí,73,la Verneda i la Pau,125,2.1,17476.94,24.3,14109,16671,46.891823444283645
2021,10,Sant Martí,73,la Verneda i la Pau,126,2.1,18774.7,24.1,15232,18198,46.891823444283645
2021,10,Sant Martí,73,la Verneda i la Pau,127,2.4,20224.23,28.3,15853,19550,46.891823444283645
2021,10,Sant Martí,73,la Verneda i la Pau,128,2.3,20031.76,26.9,16095,19480,46.891823444283645
2021,10,Sant Martí,73,la Verneda i la Pau,129,2.1,20139.94,24.4,16115,19594,46.891823444283645
2021,10,Sant Martí,73,la Verneda i la Pau,130,2.4,19057.14,29.1,15287,18374,47.982388689073545
2021,10,Sant Martí,73,la Verneda i la Pau,131,2.2,22313.94,26.0,17885,21949,47.982388689073545
2021,10,Sant Martí,73,la Verneda i la Pau,132,2.2,17098.28,25.9,13730,16282,47.982388689073545
2021,10,Sant Martí,73,la Verneda i la Pau,133,2.4,15894.83,27.1,12910,15105,47.982388689073545
2021,10,Sant Martí,73,la Verneda i la Pau,134,2.5,16558.88,27.8,13274,15762,47.982388689073545
2021,10,Sant Martí,73,la Verneda i la Pau,135,2.6,16975.01,29.0,13663,16180,47.982388689073545
2021,10,Sant Martí,73,la Verneda i la Pau,136,2.3,16856.55,27.9,13701,16058,45.59349463227047
2021,10,Sant Martí,73,la Verneda i la Pau,137,2.6,15186.96,29.0,12252,14226,45.59349463227047
2021,10,Sant Martí,73,la Verneda i la Pau,138,2.5,13573.75,28.3,10903,12777,45.59349463227047
2021,10,Sant Martí,73,la Verneda i la Pau,139,2.4,14401.48,27.8,11579,13484,45.59349463227047
2021,10,Sant Martí,73,la Verneda i la Pau,140,2.6,14616.58,27.7,11746,13659,45.27399051822789
2021,10,Sant Martí,73,la Verneda i la Pau,141,2.2,15144.69,26.4,12213,14315,45.27399051822789
2021,10,Sant Martí,73,la Verneda i la Pau,142,2.6,14154.76,28.6,11400,13223,45.27399051822789
2021,10,Sant Martí,73,la Verneda i la Pau,143,2.4,15817.99,27.1,12705,15051,45.27399051822789
2021,10,Sant Martí,65,el Clot,234,2.3,20005.69,25.3,16081,19421,
2021,10,Sant Martí,69,Diagonal Mar i el Front Marítim del Poblenou,235,2.9,17919.77,32.9,14455,17305,
2021,10,Sant Martí,69,Diagonal Mar i el Front Marítim del Poblenou,236,2.3,18438.63,28.1,14844,17814,
2021,10,Sant Martí,71,Provençals del Poblenou,237,2.4,16921.68,28.0,13443,15888,
