Territori,Tipus de territori,1r tr 2000,2n tr 2000,3r tr 2000,4t tr 2000,1r tr 2001,2n tr 2001,3r tr 2001,4t tr 2001,1r tr 2002,2n tr 2002,3r tr 2002,4t tr 2002,1r tr 2003,2n tr 2003,3r tr 2003,4t tr 2003,1r tr 2004,2n tr 2004,3r tr 2004,4t tr 2004,1r tr 2005,2n tr 2005,3r tr 2005,4t tr 2005,1r tr 2006,2n tr 2006,3r tr 2006,4t tr 2006,1r tr 2007,2n tr 2007,3r tr 2007,4t tr 2007,1r tr 2008,2n tr 2008,3r tr 2008,4t tr 2008,1r tr 2009,2n tr 2009,3r tr 2009,4t tr 2009,1r tr 2010,2n tr 2010,3r tr 2010,4t tr 2010,1r tr 2011,2n tr 2011,3r tr 2011,4t tr 2011,1r tr 2012,2n tr 2012,3r tr 2012,4t tr 2012,1r tr 2013,2n tr 2013,3r tr 2013,4t tr 2013,1r tr 2014,2n tr 2014,3r tr 2014,4t tr 2014,1r tr 2015,2n tr 2015,3r tr 2015,4t tr 2015,1r tr 2016,2n tr 2016,3r tr 2016,4t tr 2016,1r tr 2017,2n tr 2017,3r tr 2017,4t tr 2017,1r tr 2018,2n tr 2018,3r tr 2018,4t tr 2018,1r tr 2019,2n tr 2019,3r tr 2019,4t tr 2019,1r tr 2020,2n tr 2020,3r tr 2020,4t tr 2020,1r tr 2021,2n tr 2021,3r tr 2021,4t tr 2021,1r tr 2022,2n tr 2022,3r tr 2022,4t tr 2022,1r tr 2023,2n tr 2023,3r tr 2023,4t tr 2023,1r tr 2024
Catalunya,Comunitat Autònoma,-,-,-,-,-,-,-,-,-,-,-,-,-,-,-,-,-,-,-,-,527.661791,553.287439,554.8243514,568.8811391,574.5647109,595.2207454,612.2493801,627.5445298,632.3016744,631.8004178,651.7142901,663.7879853,662.155445,672.2867064,693.9099919,683.3142658,670.3631559,650.0159462,644.032047,641.2630205,622.6554904,611.7856937,621.1171894,605.0848244,594.5017351,595.3782086,608.5143729,598.4267782,578.5771963,568.0517691,572.4477003,566.5150812,547.1803972,535.6480836,544.7771471,541.5501396,532.8664034,528.5135218,544.821043,551.1193527,543.1652,541.4966,572.1901,572.3755,569.7918326,574.4881,615.2609141,621.9571907,626.0200727,638.5274812,677.1581227,675.3066612,672.3616182,688.5577894,717.8007178,715.4577982,711.3138158,724.8911328,755.3856758,750.8741928,737.8397704,724.4484511,745.4346394,725.3261323,713.2862277,713.1536139,737.5076157,733.2494253,738.1352748,759.911934,805.6871247,814.9939836,812.8741166,830.3418805,848.3908824,854.1218734,868.8489824
Metropolità de Barcelona,Àmbit funcional territorial,-,-,-,-,-,-,-,-,-,-,-,-,-,-,-,-,-,-,-,-,566.9310727,597.6359527,602.7160239,613.7299089,624.7673048,642.1350206,662.4002247,674.9274718,685.7886997,692.4949655,725.9437895,730.2948022,732.4983209,744.1067112,767.9069834,752.3760133,744.9820976,721.7668423,713.4315934,708.7907845,699.1355414,681.4714748,694.995611,676.7415925,668.5885849,665.4807684,681.5688441,667.740241,647.7813826,634.2903839,644.595788,633.8769599,609.9327812,597.4729848,606.5469906,601.2553715,593.2769941,590.4061658,611.3164669,617.8957316,610.0268,617.7583,656.614,654.7825,650.6742334,662.1224,709.0930597,717.1352559,721.3332122,738.5247442,777.1794465,772.5713976,771.3495078,787.0285529,822.2684409,822.8754687,816.4538293,833.1116918,868.527331,859.9253735,847.343297,833.96988,858.6877468,825.90296,806.5559159,812.9388851,837.0748683,830.9025308,843.0624025,864.85669,917.9112897,930.2417583,926.840332,950.7944218,980.7479731,993.1511258,1003.484627
Barcelona,Municipi,387.7231,398.8572,421.1176,426.4274,433.3532,452.7734,467.5648,500.8263,532.0150414,496.0010494,514.9921303,533.8791192,517.9636699,539.9382328,557.8401157,580.5214153,573.6687337,565.1370141,596.6674342,601.598336,603.8849274,638.8742778,644.0386553,653.9157526,659.0060855,687.734784,705.7772388,729.10105,743.9016536,742.7658006,790.8133412,788.5632779,793.437622,809.0544541,833.3215868,816.2479338,821.6450119,787.6759863,787.58292,781.6174283,775.9960483,758.6142839,760.4154668,754.8715809,746.3073,744.7107,766.7655242,752.9705116,732.4637,710.6720257,720.3590937,718.0291,686.8597297,676.6283523,681.2276602,681.6861493,674.8682493,667.8884691,701.9832016,705.7251264,702.0207,713.9287,765.2172,755.0548,755.1744498,774.1463,825.9503151,843.4308833,845.1491395,864.9803567,903.4014777,889.5848882,897.8915661,916.3317905,948.8561739,954.2862255,944.4343493,968.8891722,1005.786593,995.5912573,980.4797841,960.0551737,979.4234202,939.1043069,905.3867366,903.2825422,932.3102625,934.2110883,965.3752687,996.5556614,1066.676937,1077.477137,1087.333265,1123.564979,1171.275865,1178.049789,1193.411545
Ciutat Vella,Districte,286.9246,301.314,338.7222,370.0641,345.2979,352.787,342.2632,360.3416,433.459,398.9955,412.8685,403.233,413.9242,434.4859,459.4592,460.8048,489.7126,418.9479,475.6253,501.9415,498.8609,554.5366,535.2441,565.9228,637.1551,578.462,525.2807,646.3188,637.36,616.35,684.23,707.16,676.9319,723.4468,771.2232,746.5934,743.06,713.28,687.81,721.5,710.95,669.77,666.97,672.32,653.8393,651.5538,655.2339,690.5838,655.2527,643.8457,630.2048,646.7947,625.2197,606.9531,615.3296,627.4819,630.9702,612.3013,646.5253,666.0822,655.2188,658.5889,687.1213,700.2014,704.5217418,715.9087,751.6119165,783.2760844,802.8647247,815.266248,848.0907692,847.8897181,875.7047733,923.7179466,920.3944222,936.3137133,924.5131404,960.2097314,960.2712303,939.0081554,962.2258155,906.8489655,907.7960089,870.9961095,827.9277017,839.2728352,856.338751,864.1117195,1018.862659,966.2375866,1009.292294,1035.447656,1054.01654,1063.574209,1104.90691,1108.026684,1128.838488
el Raval,Barri,-,-,-,-,-,-,-,-,-,-,-,-,-,-,-,-,-,-,-,-,-,-,-,-,-,-,-,-,-,-,-,-,-,-,-,-,-,-,-,-,-,-,-,-,-,-,-,-,-,-,-,-,-,-,-,-,589.5486236,550.6317115,576.4542317,596.9954937,601.3070288,598.907732,654,644.7266,624.4246957,662.2837,666.1713098,716.6992986,734.9908264,714.2931557,764.8533888,776.7265636,792.7444444,820.8798333,849.3208114,827.2680753,822.5601002,866.972869,869.0697032,844.8977299,864.5105773,853.327619,833.949346,787.0095062,759.1527886,774.2333267,770.5094572,772.8414719,916.9532668,871.9712911,928.1014248,929.030133,946.812913,905.3681646,1000.214452,997.2831496,1046.351215
el Barri Gòtic,Barri,-,-,-,-,-,-,-,-,-,-,-,-,-,-,-,-,-,-,-,-,-,-,-,-,-,-,-,-,-,-,-,-,-,-,-,-,-,-,-,-,-,-,-,-,-,-,-,-,-,-,-,-,-,-,-,-,712.7865185,728.7923669,790.7391515,761.6782609,756.6778667,771.1270526,773,831.1269,893.4245455,806.2369,851.6307407,913.9574336,905.2640394,968.1554271,1028.494241,993.1551628,998.4004651,1024.286564,1012.485395,1057.256302,1060.90832,1112.093679,1082.350045,1139.734085,1110.217249,1041.036477,982.5151724,1003.886619,929.6205263,934.0675958,968.3907458,952.978,1181.61,1062.517243,1111.312473,1163.256695,1279.461387,1293.877196,1206.491544,1266.986897,1270.722754
la Barceloneta,Barri,-,-,-,-,-,-,-,-,-,-,-,-,-,-,-,-,-,-,-,-,-,-,-,-,-,-,-,-,-,-,-,-,-,-,-,-,-,-,-,-,-,-,-,-,-,-,-,-,-,-,-,-,-,-,-,-,540.7096154,541.9345122,578.8816667,593.733,581.3384516,598.1606186,630,601.3836,638.7466667,659.3458,686.6323392,686.3122831,722.7794393,738.2511538,758.1825,766.0341627,870.8434783,923.4495614,889.2352941,913.1969307,891.3337615,924.0476768,871.6246988,892.9724468,899.493494,856.4983721,823.0980328,874.9643678,808.9129592,814.8114953,825.9506383,877.9106349,999.8037805,900.5333333,922.8925,954.8214943,978.7104348,1002.187059,980.3340426,1002.4525,1112.396441
"Sant Pere, Santa Caterina i la Ribera",Barri,-,-,-,-,-,-,-,-,-,-,-,-,-,-,-,-,-,-,-,-,-,-,-,-,-,-,-,-,-,-,-,-,-,-,-,-,-,-,-,-,-,-,-,-,-,-,-,-,-,-,-,-,-,-,-,-,673.4370408,676.9830303,699.1008185,687.326639,697.1564151,708.0288278,729,751.5959,759.1616606,773.6242,839.5845455,854.1755034,895.2766139,930.1305919,927.1571141,914.776016,923.4405373,991.3864058,970.9748201,1000.522378,990.1809288,1010.140738,1020.225546,966.3825496,1030.010725,919.8250407,970.8967897,888.9472897,879.400355,862.0727826,889.1116517,922.8458824,1022.816656,1051.431808,1084.890954,1128.889407,1065.792148,1107.54186,1229.135549,1201.151411,1177.868796
Eixample,Districte,425.8277,417.8339,452.8412,453.8012,463.9843,496.6494,515.6572,568.4614,567.7528,550.32,553.3336,583.5845,567.4315,583.9746,598.0306,626.4628,624.3881,619.0138,650.0724,645.7078,679.2827,706.1063,704.5913,720.5894,686.2727,739.143,765.4372,808.1713,808.56,791.41,851.62,868.22,879.9102,884.896,909.2454,892.9911,887.37,871.64,856.25,845.7,828.69,830.5,840.21,834.05,822.0339,814.8877,824.3651,825.2825,801.308,791.8607,805.5967,802.4946,764.636,760.2274,765.704,763.6354,761.6839,764.2006,787.4656,792.1699,797.1413,817.3523,853.1194,852.2151,880.0906573,885.3381,940.9631093,953.0691142,956.2094914,987.6083636,1007.046095,1004.785043,994.8431666,1022.430912,1049.3654,1086.030753,1060.604319,1073.277323,1114.508453,1121.394172,1106.738574,1067.777155,1093.350854,1034.260895,991.958648,999.6643462,1008.77383,1032.996159,1068.861414,1103.335928,1183.084364,1210.312345,1214.475053,1276.4068,1292.65424,1323.426458,1349.883374
el Fort Pienc,Barri,-,-,-,-,-,-,-,-,-,-,-,-,-,-,-,-,-,-,-,-,-,-,-,-,-,-,-,-,-,-,-,-,-,-,-,-,-,-,-,-,-,-,-,-,-,-,-,-,-,-,-,-,-,-,-,-,736.086601,706.1588327,719.8410833,735.9943333,753.7597159,770.1281,753,792.5338,800.082402,808.0782,868.3452804,816.50992,871.0789167,884.985203,933.5384146,910.7757576,910.5299679,942.9625597,968.8472923,983.0960536,957.2439146,988.6586692,1031.295965,1064.373397,1059.862286,999.9063235,997.3913566,959.5191636,917.9609687,907.0885676,970.2207732,976.8827336,957.8601761,1106.918967,1118.742996,1119.21556,1155.84829,1185.35375,1171.806898,1205.990659,1221.097135
la Sagrada Família,Barri,-,-,-,-,-,-,-,-,-,-,-,-,-,-,-,-,-,-,-,-,-,-,-,-,-,-,-,-,-,-,-,-,-,-,-,-,-,-,-,-,-,-,-,-,-,-,-,-,-,-,-,-,-,-,-,-,673.3733557,663.2252174,697.6919415,687.262298,679.0306158,704.4373184,739,726.9274,752.3677586,739.8586,799.3822632,806.4031172,847.0402116,867.9670465,906.7839485,877.0207884,883.7549343,893.4257426,934.8865939,930.0235968,936.3496964,942.8947009,979.6205123,979.9889564,952.6208431,943.4708696,972.9863196,902.1477955,887.1020658,887.4112644,912.3578993,924.3668357,984.3008245,985.9126098,1038.723608,1071.464856,1067.856156,1089.22434,1126.815521,1185.540833,1196.996687
la Dreta de l'Eixample,Barri,-,-,-,-,-,-,-,-,-,-,-,-,-,-,-,-,-,-,-,-,-,-,-,-,-,-,-,-,-,-,-,-,-,-,-,-,-,-,-,-,-,-,-,-,-,-,-,-,-,-,-,-,-,-,-,-,921.4022756,948.9587097,934.5476364,975.957867,957.5543706,988.8863609,1052,1035.0742,1104.256491,1120.3988,1143.98114,1174.381523,1151.09246,1218.18157,1179.110536,1225.078376,1191.433107,1263.075128,1216.701357,1340.377226,1269.124894,1277.904297,1348.850504,1333.01094,1349.553103,1249.445945,1273.946563,1208.792505,1176.719086,1196.314443,1168.423356,1220.76507,1294.783476,1328.588426,1445.603844,1498.358567,1519.759811,1597.541752,1588.397481,1608.084713,1633.481326
l'Antiga Esquerra de l'Eixample,Barri,-,-,-,-,-,-,-,-,-,-,-,-,-,-,-,-,-,-,-,-,-,-,-,-,-,-,-,-,-,-,-,-,-,-,-,-,-,-,-,-,-,-,-,-,-,-,-,-,-,-,-,-,-,-,-,-,827.8735795,821.8148649,869.7187196,848.5641686,859.6355952,906.1397923,926,941.5832,947.3020303,960.7969,986.2122553,1012.218853,1001.489753,1044.283425,1098.20546,1081.291269,1069.164982,1078.126712,1136.209804,1164.322518,1122.975912,1139.784134,1194.356011,1187.55086,1150.822747,1158.997143,1192.306605,1125.982125,1040.235895,1070.137213,1072.887229,1114.942161,1105.669796,1174.598741,1252.212605,1263.403184,1281.463048,1340.119899,1378.277192,1422.325614,1436.131645
la Nova Esquerra de l'Eixample,Barri,-,-,-,-,-,-,-,-,-,-,-,-,-,-,-,-,-,-,-,-,-,-,-,-,-,-,-,-,-,-,-,-,-,-,-,-,-,-,-,-,-,-,-,-,-,-,-,-,-,-,-,-,-,-,-,-,716.1309813,708.0041527,746.7832727,753.6138496,766.1762632,766.8543846,807,789.7628,811.6249254,842.5303,890.5430065,926.2090737,909.0781333,949.9636076,950.1528405,956.9967412,947.9226852,975.5285222,1003.885181,1017.559515,1008.488146,1032.854061,1081.396763,1083.674477,1043.826792,1029.536111,1067.35674,1001.446101,964.0275926,953.2994201,968.5781561,965.9178904,1009.317363,1012.177267,1113.932553,1145.774922,1131.202,1178.288701,1207.351541,1200.152193,1286.824712
Sant Antoni,Barri,-,-,-,-,-,-,-,-,-,-,-,-,-,-,-,-,-,-,-,-,-,-,-,-,-,-,-,-,-,-,-,-,-,-,-,-,-,-,-,-,-,-,-,-,-,-,-,-,-,-,-,-,-,-,-,-,693.4268531,718.0066794,713.8903096,720.139966,740.4144248,746.0011673,798,772.108,805.8933071,793.6355,883.3248029,882.4704167,876.9696471,887.7841411,922.4552762,905.8250735,899.9777403,907.4225199,970.2584478,960.2961345,986.2278808,985.176507,987.1640399,1018.394143,1010.513165,986.0827381,959.2551237,940.7119394,898.6782579,928.7977404,934.3365833,955.712234,999.9052676,1004.2698,1072.190975,1080.963333,1061.036418,1132.405063,1154.981047,1201.522963,1184.769137
Sants-Montjuïc,Districte,312.9871,344.3785,348.2472,343.5068,350.0388,370.0408,389.8774,408.0183,470.3183,420.3181,424.1564,432.9738,420.7214,438.2389,475.1679,477.8479,479.1555,480.6682,523.9994,509.4219,528.681,546.246,575.895,581.4522,609.2695,609.6163,627.8005,636.2352,641.59,654.71,681.26,700.45,701.6383,720.8167,751.7203,729.832,716.27,696.7,696.01,691.06,676.89,675.67,666.05,669.68,665.2877,670.2471,680.7019,669.7039,643.908,631.6539,629.8245,628.5383,597.0296,591.7483,591.8721,604.6827,587.0903,580.5766,604.7963,619.4195,597.3486,604.59,652.9295,638.8168,622.2453727,664.0082,706.5800267,715.0360139,719.8880271,754.4746948,791.3418005,778.9672226,785.0821454,786.603252,824.0582495,819.4728396,828.5550953,837.3548504,864.6936914,837.1730501,859.3350671,851.1558244,855.8609167,824.9829255,799.9893069,789.0046397,806.5762643,803.1255053,839.9645433,883.5513879,944.551167,988.319438,1015.88776,1025.862251,1027.577905,1066.742435,1026.45775
el Poble Sec - AEI Parc Montjuïc,Barri,-,-,-,-,-,-,-,-,-,-,-,-,-,-,-,-,-,-,-,-,-,-,-,-,-,-,-,-,-,-,-,-,-,-,-,-,-,-,-,-,-,-,-,-,-,-,-,-,-,-,-,-,-,-,-,-,568.001,578.6532014,580.8877465,602.5481227,578.75639,598.4681395,631,638.4653,622.2412367,651.2089,696.7372014,706.1116897,715.7067669,756.8032203,759.8661465,760.2309226,783.5039944,788.2314211,822.0428771,813.7416533,815.8224713,823.4030696,865.8116,846.1778338,837.0070159,856.2380263,820.2440283,810.2434936,781.595086,773.7339535,787.0249734,777.9127711,846.2102174,879.2933582,888.3105017,913.6122924,887.1079839,955.2153712,930.5687755,988.0790526,1028.569776
la Marina del Prat Vermell - AEI Zona Franca,Barri,-,-,-,-,-,-,-,-,-,-,-,-,-,-,-,-,-,-,-,-,-,-,-,-,-,-,-,-,-,-,-,-,-,-,-,-,-,-,-,-,-,-,-,-,-,-,-,-,-,-,-,-,-,-,-,-,-,-,-,-,-,381.0657143,-,411.3611,360.8814286,-,-,-,-,-,-,-,-,-,-,-,-,-,-,350.5198214,-,-,-,-,-,-,-,-,-,1407.9375,1380,1546.6,1388.035714,1463.333333,-,1603.181818,730.0269512
la Marina de Port,Barri,-,-,-,-,-,-,-,-,-,-,-,-,-,-,-,-,-,-,-,-,-,-,-,-,-,-,-,-,-,-,-,-,-,-,-,-,-,-,-,-,-,-,-,-,-,-,-,-,-,-,-,-,-,-,-,-,553.5542169,454.4413274,542.8132673,574.4466316,492.4896,536.1788172,565,566.009,447.5664646,548.5123,577.4711111,613.1643617,689.1597802,634.2775962,711.9320225,728.0716949,751.6452679,719.3292437,755.1841228,778.515678,714.8997273,753.0926724,790.1087654,816.6666346,810.1139175,687.8440541,828.2444444,762.7498925,810.63096,772.3753271,698.4737168,691.8512598,728.6949573,638.7681481,785.9084615,738.1325806,850.1720652,872.6993333,867.3437143,996.7776,1010.338857
la Font de la Guatlla,Barri,-,-,-,-,-,-,-,-,-,-,-,-,-,-,-,-,-,-,-,-,-,-,-,-,-,-,-,-,-,-,-,-,-,-,-,-,-,-,-,-,-,-,-,-,-,-,-,-,-,-,-,-,-,-,-,-,631.5,624.8801923,630.886,679.57975,728.245,687.3255814,735,648.84,638.73,751.6928,764.383662,786.353913,806.3412903,785.0203571,817.6351163,827.3578082,842.3195876,834.6842105,871.4104598,810.2424419,857.553,854.1673846,881.517033,868.7576562,882.4464516,825.461,873.9315854,834.3069231,799.5137879,810.7583562,858.7442857,827.2129885,823.8710606,912.1320755,971.9441304,988.9016393,994.8734177,1053.207361,1049.6375,1123.878085,1081.208333
Hostafrancs,Barri,-,-,-,-,-,-,-,-,-,-,-,-,-,-,-,-,-,-,-,-,-,-,-,-,-,-,-,-,-,-,-,-,-,-,-,-,-,-,-,-,-,-,-,-,-,-,-,-,-,-,-,-,-,-,-,-,580.7076923,584.91264,605.5809016,603.86,614.1526471,601.5955435,632,640.8962,662.2775,673.2361,702.7198413,703.2753659,680.1703077,749.6084733,777.6351049,771.7824074,754.8347619,801.3692473,814.5544667,810.9950307,809.9591667,824.1583673,834.647037,854.4007407,865,867.8285937,842.0814286,842.9400752,778.3728931,772.808984,804.621338,809.5177397,835.6958654,826.1967857,910.505,935.6156911,945.5808943,957.3141121,1023.103448,957.4548889,982.4504167
la Bordeta,Barri,-,-,-,-,-,-,-,-,-,-,-,-,-,-,-,-,-,-,-,-,-,-,-,-,-,-,-,-,-,-,-,-,-,-,-,-,-,-,-,-,-,-,-,-,-,-,-,-,-,-,-,-,-,-,-,-,604.7355056,616.3961111,603.1585,621.6811828,621.7116883,607.6842647,661,657.941,645.1504651,672.125,674.8777586,730.4451471,739.348,760.976044,861.6869912,786.5298276,785.7919266,757.2578641,830.3245614,825.3553226,844.10775,859.5168539,832.9105495,869.9718947,869.9577778,893.645625,892.3308889,817.3802913,807.5518333,815.4128571,832.4922222,872.4655645,971.8015179,1025.004406,1136.714192,1245.016042,1393.875714,1335.89761,1335.752294,1191.276355,1196.459922
Sants - Badal,Barri,-,-,-,-,-,-,-,-,-,-,-,-,-,-,-,-,-,-,-,-,-,-,-,-,-,-,-,-,-,-,-,-,-,-,-,-,-,-,-,-,-,-,-,-,-,-,-,-,-,-,-,-,-,-,-,-,584.2718121,569.6820238,629.5758192,602.2790698,606.4844531,606.7820732,652,635.2602,629.6887218,702.8556,710.4515584,711.1006286,697.5773203,766.0514286,796.5008176,772.8633918,764.412356,755.2935385,786.80475,831.1945641,823.5011881,858.4255422,888.3018462,837.9951813,858.3393421,849.5417284,858.2144022,823.1911905,788.066971,778.0783582,805.8591304,800.0051185,805.4313187,848.5030822,930.1263158,933.2586082,926.0939437,949.997623,983.7732759,1074.56748,989.4405
Sants,Barri,-,-,-,-,-,-,-,-,-,-,-,-,-,-,-,-,-,-,-,-,-,-,-,-,-,-,-,-,-,-,-,-,-,-,-,-,-,-,-,-,-,-,-,-,-,-,-,-,-,-,-,-,-,-,-,-,605.2763608,618.8003019,624.7834218,647.1409677,616.0483772,627.8586008,701,658.4194,664.6608271,681.3866,740.499587,740.2799091,737.2692053,780.2733962,812.4838889,806.5605486,802.6374938,811.7393939,856.5722165,834.6394541,872.9939773,867.479256,884.2859128,884.8293384,891.3794461,874.2724691,883.1188323,850.2799441,829.1317424,815.4480475,836.717981,833.7119121,849.4415119,885.5500336,940.2783196,952.1908832,959.1204746,985.742669,1033.624236,1064.76448,1062.761309
Les Corts,Districte,527.6255,566.706,589.8479,596.0183,658.4824,533.51,629.9279,684.0264,630.0701,591.6774,583.9256,671.5496,599.1605,646.8586,724.4231,696.7629,651.2998,685.9427,723.8539,735.9867,743.2577,653.2798,794.1226,790.4583,765.9658,793.7357,866.5938,876.9742,957.98,924.22,991.03,943.92,958.4476,938.3701,1020.0922,1024.2444,911.84,956.4,920.76,942.92,878.87,916.56,926.58,907.83,887.1531,874.3652,895.1002,903.4492,878.2372,835.954,885.3792,868.7494,827.818,825.2648,826.7125,826.8924,808.6391,845.7945,864.3804,885.8841,862.3686,881.679,978.626,955.1428,923.3685598,971.1785,1007.843201,1019.664122,1005.336918,1043.363604,1089.05457,1060.762621,1095.783862,1046.447825,1142.158622,1062.781248,1111.203033,1131.549452,1179.693487,1200.672379,1105.120081,1117.433722,1143.244767,1088.795068,1027.36765,1032.343284,1080.251228,1071.325785,1081.792781,1133.732138,1255.390616,1259.232451,1190.228477,1272.824124,1363.334256,1376.217863,1388.189003
les Corts,Barri,-,-,-,-,-,-,-,-,-,-,-,-,-,-,-,-,-,-,-,-,-,-,-,-,-,-,-,-,-,-,-,-,-,-,-,-,-,-,-,-,-,-,-,-,-,-,-,-,-,-,-,-,-,-,-,-,777.2330631,765.28917,786.2928814,802.2303704,822.362654,817.2413333,860,909.2657,892.6975325,912.5292,949.9659688,983.475627,936.3153618,1006.842932,1013.567869,1043.755333,1002.342385,1038.73389,1077.991418,1031.455472,1070.03476,1085.119446,1113.918626,1116.155205,1069.875466,1096.621879,1058.070061,1037.881931,990.2626823,998.7958005,1017.024013,1052.832692,995.0340385,1067.763182,1203.364347,1227.190491,1102.300962,1242.581577,1260.58684,1285.720138,1321.845161
la Maternitat i Sant Ramon,Barri,-,-,-,-,-,-,-,-,-,-,-,-,-,-,-,-,-,-,-,-,-,-,-,-,-,-,-,-,-,-,-,-,-,-,-,-,-,-,-,-,-,-,-,-,-,-,-,-,-,-,-,-,-,-,-,-,700.1635,748.6379245,768.4556548,806.4308661,727.9878049,679.5447788,814,764.7748,777.8583495,821.1983,892.2771591,866.4286301,896.44675,882.0513287,970.7068421,935.3797753,948.7652555,959.2595597,1013.27767,960.0297849,938.4901361,972.979172,1040.340145,1078.062929,989.6270992,946.1025,1012.393741,993.2705076,927.2615254,904.7700592,982.8984236,920.5588764,1018.627152,993.0542748,1107.234034,1154.433008,1105.763168,1140.022273,1251.415263,1277.736344,1202.125826
Pedralbes,Barri,-,-,-,-,-,-,-,-,-,-,-,-,-,-,-,-,-,-,-,-,-,-,-,-,-,-,-,-,-,-,-,-,-,-,-,-,-,-,-,-,-,-,-,-,-,-,-,-,-,-,-,-,-,-,-,-,1230,1459.1234,1506.202787,1762.063158,1250.829787,1711.449111,2034,1860.295,1572.561471,1660.4271,1689.603509,1692.2042,1856.57125,1666.627273,1882.423729,1737.92381,1799.907639,1563.3125,1849.519324,1615.309455,1732.456984,1746.707692,1950.05493,2023.354464,1626.9332,1822.74,1932.290667,1577.148611,1598.208571,1680.295472,1816.527424,1679.340357,1649.839091,1944.513043,1946.078636,1737.350196,1901.018125,1728.394561,2174.299111,2078.578537,2118.676327
Sarrià-Sant Gervasi,Districte,648.8497,670.864,607.8371,604.2165,630.6671,657.3517,689.5824,656.7981,738.9385,743.6469,728.3925,756.3253,742.4053,743.0561,746.797,811.024,854.0262,822.3766,814.2245,807.9775,832.1938,900.3064,876.9183,846.508,796.7786,908.8405,986.7757,979.2557,1006.26,1005.04,1027.3,1019.87,1060.3716,1071.7245,1084.8831,1104.7692,1081.81,1013.72,1054.7,986.92,999.79,986.28,988.91,1017.67,979.3485,1043.8371,1044.723,999.3443,1017.0856,980.5086,975.3882,970.3131,938.3019,927.6839,936.1729,939.1187,971.1756,956.5716,1004.7831,977.8439,977.3297,1021.9436,1126.9938,1066.9942,1099.940802,1125.7974,1157.091791,1186.358114,1182.459339,1226.808203,1291.897274,1210.579046,1223.172129,1241.539692,1319.548901,1286.501681,1266.129817,1297.692471,1335.048369,1360.828778,1325.320719,1285.345346,1322.401716,1281.190568,1229.019796,1238.314677,1252.044798,1265.658624,1264.945817,1362.366825,1467.66851,1446.406101,1442.385427,1553.568604,1668.839327,1563.162542,1651.792452
"Vallvidrera, el Tibidabo i les Planes",Barri,-,-,-,-,-,-,-,-,-,-,-,-,-,-,-,-,-,-,-,-,-,-,-,-,-,-,-,-,-,-,-,-,-,-,-,-,-,-,-,-,-,-,-,-,-,-,-,-,-,-,-,-,-,-,-,-,837.3333333,1051.222857,988.6608333,1754.444444,1335.714286,824.375,1119,841.0961,933.9472222,1117.7181,1302.142857,1354.615385,1248,1101.666667,1360.416667,1213.947368,895.6956522,860.1278571,1102.291667,898.3333333,1103.495882,1121.55,1355.47619,1220,1191.3,1078.111111,1192.758621,1390,1531.6545,1074.722222,1009.545455,1214.47619,1102.235294,894.907931,1364.746364,1135.15,991.0714286,1240.863636,1443.916667,1383.357143,1337.84375
Sarrià,Barri,-,-,-,-,-,-,-,-,-,-,-,-,-,-,-,-,-,-,-,-,-,-,-,-,-,-,-,-,-,-,-,-,-,-,-,-,-,-,-,-,-,-,-,-,-,-,-,-,-,-,-,-,-,-,-,-,1042.156881,1030.349316,1081.13539,1004.365074,917.1345133,1101.151038,1156,1227.3481,1195.681452,1197.6165,1172.860392,1185.84646,1291.498933,1423.85795,1364.011818,1334.773247,1249.230571,1332.326471,1443.709648,1422.798252,1297.717912,1334.222139,1449.458571,1398.350694,1417.740005,1432.230824,1314.407211,1338.389362,1263.864175,1298.031759,1345.185932,1292.8725,1362.607748,1349.267485,1541.439,1443.460613,1359.01439,1559.900641,1641.53875,1593.125278,1622.445946
les Tres Torres,Barri,-,-,-,-,-,-,-,-,-,-,-,-,-,-,-,-,-,-,-,-,-,-,-,-,-,-,-,-,-,-,-,-,-,-,-,-,-,-,-,-,-,-,-,-,-,-,-,-,-,-,-,-,-,-,-,-,1215.84507,1327.216,1386.129398,1352.08075,1335.629692,1337.792031,1462,1385.9886,1380.678784,1560.7031,1619.044286,1490.719208,1516.522941,1646.76,1757.000652,1588.526316,1613.414175,1467.069174,1746.00973,1567.908163,1645.899121,1602.490899,1614.833394,1744.970084,1662.383,1679.125,1699.421714,1729.505225,1577.994953,1429.03883,1566.501667,1597.425556,1630.787222,1766.9825,1990.2035,1824.198778,1750.244762,1859.844545,2246.59137,1926.957429,2048.53591
Sant Gervasi - la Bonanova,Barri,-,-,-,-,-,-,-,-,-,-,-,-,-,-,-,-,-,-,-,-,-,-,-,-,-,-,-,-,-,-,-,-,-,-,-,-,-,-,-,-,-,-,-,-,-,-,-,-,-,-,-,-,-,-,-,-,927.6345,920.6194304,963.5714,948.2618919,954.0047586,1056.065444,1073,1076.8026,1116.513412,1096.7345,1083.531179,1197.715859,1182.120517,1236.208535,1324.397826,1198.236009,1247.695045,1288.821197,1322.611289,1283.243265,1226.397702,1309.966306,1317.009582,1361.577708,1311.489489,1272.127738,1321.92599,1285.981957,1264.805359,1226.09727,1159.636172,1219.560558,1195.045477,1369.077184,1473.111864,1422.496333,1511.126201,1496.781193,1555.84958,1478.664575,1660.174345
Sant Gervasi - Galvany,Barri,-,-,-,-,-,-,-,-,-,-,-,-,-,-,-,-,-,-,-,-,-,-,-,-,-,-,-,-,-,-,-,-,-,-,-,-,-,-,-,-,-,-,-,-,-,-,-,-,-,-,-,-,-,-,-,-,1053.696485,1006.563868,1078.839887,1047.503573,1088.659615,1095.702215,1262,1153.9314,1187.569323,1189.1012,1278.65504,1298.951863,1268.61005,1287.228533,1377.817575,1315.801544,1310.420499,1328.143389,1374.319501,1374.82417,1357.862627,1360.339779,1412.240369,1455.90343,1388.946581,1304.420995,1427.908944,1307.111117,1294.866968,1339.117462,1352.477703,1433.675658,1341.522782,1484.512593,1550.100468,1599.843487,1564.999844,1730.455013,1833.552325,1677.035043,1780.558282
el Putxet i el Farró,Barri,-,-,-,-,-,-,-,-,-,-,-,-,-,-,-,-,-,-,-,-,-,-,-,-,-,-,-,-,-,-,-,-,-,-,-,-,-,-,-,-,-,-,-,-,-,-,-,-,-,-,-,-,-,-,-,-,750.8351869,761.3527074,766.3291837,761.69876,758.44225,790.2137815,840,808.3764,827.8194643,891.6309,876.7722939,904.1692593,913.4506835,902.4211481,962.4050523,938.2014876,946.6492527,972.8910794,1021.271975,1031.54026,1057.059369,1115.706746,1070.235291,1099.756797,1053.873407,1073.282158,1073.445241,1033.258528,990.0526984,1024.425714,1004.691342,998.271301,1054.910997,1108.606785,1149.912963,1151.67706,1194.316118,1242.757012,1284.948299,1310.469486,1331.20675
Gràcia,Districte,348.6179,372.0345,393.214,374.2426,385.8455,410.2002,432.7128,462.6536,546.9816,466.5121,469.6012,497.5745,480.5069,484.1536,513.4386,543.3818,505.4963,545.2024,580.7737,561.7869,610.1008,618.5389,620.8169,632.7961,633.1862,652.0109,686.2983,703.3951,728.48,720.85,760.13,758.85,766.5676,781.1006,812.8874,807.3109,782.14,768.36,748.58,756.36,743.04,742.35,746.71,725.09,735.5641,724.6583,750.4213,736.8386,716.1451,717.6157,702.858,691.5546,653.579,655.9184,659.7142,667.1353,669.8033,665.8669,683.8661,676.1359,704.0304,708.1526,734.4149,736.9858,754.2537401,764.2768,814.3501633,813.9317827,845.4034552,859.3795213,868.0551935,853.1328581,881.1135687,897.2035602,910.0575739,929.6239419,920.7182964,957.6450291,976.7359921,974.3991587,955.7498036,967.9308456,948.3758872,939.3719699,894.3560964,880.5643148,898.1051092,912.9468307,961.0205233,973.1688421,1031.361052,1033.772517,1091.686861,1099.891551,1149.392092,1143.534152,1200.333355
Vallcarca i els Penitents,Barri,-,-,-,-,-,-,-,-,-,-,-,-,-,-,-,-,-,-,-,-,-,-,-,-,-,-,-,-,-,-,-,-,-,-,-,-,-,-,-,-,-,-,-,-,-,-,-,-,-,-,-,-,-,-,-,-,679.6592,648.3241237,642.6576636,691.9391304,777.2461728,712.7510185,713,745.3061,741.4233607,755.8546,830.2372897,818.6859701,946.5864925,917.838871,912.5120155,875.5342424,886.2678571,939.032197,905.8221302,971.5128148,907.5120833,1028.920496,953.7279137,987.0365823,966.437,1060.477818,909.8674359,1026.817535,958.9825806,924.4578082,960.9509938,920.1052229,947.7594215,969.3362308,1073.612867,1023.614483,1128.544597,1115.926446,1127.984875,1189.248182,1236.539176
el Coll,Barri,-,-,-,-,-,-,-,-,-,-,-,-,-,-,-,-,-,-,-,-,-,-,-,-,-,-,-,-,-,-,-,-,-,-,-,-,-,-,-,-,-,-,-,-,-,-,-,-,-,-,-,-,-,-,-,-,583.9302326,551.400625,537.1478723,552.7513889,576.4393939,539.5789474,576,542.7059,590.5333333,592.7635,635.1454545,653.6923077,687.4222222,701.2888889,799.44,711.5666071,741.2265,716.2538596,756.3558929,748.9012,750.5714286,819.84875,813.7659574,817.5474194,814.7792593,910.2631579,777.6052381,790.4002128,745.4392308,796.7542593,755.5209677,754.4684127,809.89875,759.223913,839.9437736,816.625,899.5325581,969.0540541,918.7878125,908.4680851,1011.394737
la Salut,Barri,-,-,-,-,-,-,-,-,-,-,-,-,-,-,-,-,-,-,-,-,-,-,-,-,-,-,-,-,-,-,-,-,-,-,-,-,-,-,-,-,-,-,-,-,-,-,-,-,-,-,-,-,-,-,-,-,634.4807792,702.3317105,684.2815278,655.8694186,673.2015584,637.8094828,743,751.7185,684.470641,772.9648,855.890274,784.9071084,841.3759302,855.697619,804.2649438,741.2931293,815.6225275,883.5205405,870.3138202,930.0915238,883.3675728,899.19375,926.407732,954.4281897,939.682125,998.5227027,1001.200357,941.5195714,859.1470297,859.1512264,934.6122115,899.882973,874.3055208,1010.255,997.4826214,940.3627928,1011.383444,1075.392,1118.295536,1187.309588,1220.032676
la Vila de Gràcia,Barri,-,-,-,-,-,-,-,-,-,-,-,-,-,-,-,-,-,-,-,-,-,-,-,-,-,-,-,-,-,-,-,-,-,-,-,-,-,-,-,-,-,-,-,-,-,-,-,-,-,-,-,-,-,-,-,-,679.7975586,673.7904211,691.685286,681.2547257,707.1678478,726.6121532,742,749.2417,764.0151356,773.6644,827.812422,829.2296095,837.0893209,852.5699511,867.9419617,879.8479865,899.6527917,913.3374247,923.3931571,927.0596581,933.4293411,951.1931464,991.4642033,975.744957,963.608985,950.9242345,956.5178788,943.1541342,910.6128,880.9938573,891.6075505,920.9126743,985.9649483,982.6355556,1043.413555,1062.007208,1106.850879,1108.069037,1152.757364,1148.115561,1197.685737
el Camp d'en Grassot i Gràcia Nova,Barri,-,-,-,-,-,-,-,-,-,-,-,-,-,-,-,-,-,-,-,-,-,-,-,-,-,-,-,-,-,-,-,-,-,-,-,-,-,-,-,-,-,-,-,-,-,-,-,-,-,-,-,-,-,-,-,-,670.9973869,665.44447,711.1381855,681.2573626,701.6942035,712.642636,752,735.7637,802.6935849,780.3591,805.8711494,823.7218265,839.2922594,872.4074517,880.0046863,862.5119167,884.5536119,885.4037802,924.8148012,945.8137539,937.2897068,978.2523973,996.3335093,1017.553075,967.9380952,968.6826984,958.1891837,928.8085,865.2631282,880.1430532,899.6904571,926.4823851,957.8604152,977.7849123,1032.535192,1059.035198,1105.058072,1101.862826,1196.196488,1159.641905,1219.546089
Horta-Guinardó,Districte,320.2788,322.6834,333.3472,362.064,344.5035,378.0308,387.3136,436.6365,420.103,423.4996,415.0082,425.2409,444.3348,458.2344,449.7458,495.8497,482.2233,488.9781,510.266,521.3719,529.9142,545.4065,552.797,579.8024,621.3319,634.3114,629.0508,636.1191,642.38,657.26,660.96,680.75,688.2535,725.5468,731.6623,727.8593,719.86,691.12,686.93,671.3,662.58,647.66,660.69,640.86,641.2771,641.8781,636.7111,627.5243,618.8665,608.4397,604.0407,592.8868,579.3277,568.8592,556.8379,560.1757,557.1015,560.6002,564.1158,573.1415,574.4597,580.3156,586.6324,602.5928,611.6838927,614.1346,647.5846711,684.3450578,685.5638051,694.9655728,724.1547389,719.0902161,736.7357117,734.1576799,762.6088669,752.5691718,776.6092964,785.7283071,805.1622597,812.2992821,818.4413614,810.3152442,811.377125,763.9599696,761.0145248,763.7867838,779.2739357,771.6331321,762.0508004,804.801856,844.9239959,865.7483381,880.8634995,909.1799764,922.1414465,960.5626076,973.58117
el Baix Guinardó,Barri,-,-,-,-,-,-,-,-,-,-,-,-,-,-,-,-,-,-,-,-,-,-,-,-,-,-,-,-,-,-,-,-,-,-,-,-,-,-,-,-,-,-,-,-,-,-,-,-,-,-,-,-,-,-,-,-,622.6319858,610.8711656,613.1702,638.5508844,653.1550388,631.0482979,636,649.0854,696.6858678,642.905,718.5011258,747.3121965,743.8816092,756.132426,804.2617647,773.0246734,832.6308072,817.3838393,839.472963,827.0420904,859.1284848,866.8428977,902.2276531,897.652029,920.7653165,916.1361176,900.9708889,845.5829949,817.3333755,820.1615962,836.2889352,820.9757789,834.7349697,903.8659887,948.7394012,954.2097714,1015.309931,1052.637415,1022.742908,1020.916571,1042.645794
Can Baró,Barri,-,-,-,-,-,-,-,-,-,-,-,-,-,-,-,-,-,-,-,-,-,-,-,-,-,-,-,-,-,-,-,-,-,-,-,-,-,-,-,-,-,-,-,-,-,-,-,-,-,-,-,-,-,-,-,-,568.9361702,525.0408,536.0437681,545.1114894,521.0625,539.5558491,586,550.4862,595.9210526,632,645.6603774,658.7377049,637.3035714,710.178125,698.0294118,693.6482716,721.4610909,737.382716,766.8181818,727.0481928,791.2475676,764.5409836,762.5192308,755.9102564,816.4422642,739.2857143,848.5368254,716.3071429,741.1351515,773.5121538,753.6513333,757.7152113,737.6371212,812.3844681,831.8515254,847.3785075,907.0437037,885.7692308,826.8222222,943.6064103,967.28
el Guinardó,Barri,-,-,-,-,-,-,-,-,-,-,-,-,-,-,-,-,-,-,-,-,-,-,-,-,-,-,-,-,-,-,-,-,-,-,-,-,-,-,-,-,-,-,-,-,-,-,-,-,-,-,-,-,-,-,-,-,586.5033831,564.0967364,585.3929362,590.3119753,601.0572626,596.1494472,620,630.9889,646.7626549,634.754,679.3920548,705.7094118,722.6712554,722.2822807,739.6779412,759.0597068,736.795371,758.6128676,797.8380992,796.3530108,789.8319454,824.9943816,819.7126957,843.1496416,840.991341,860.4446094,825.8061009,786.4691398,791.7267823,818.1605034,823.6066881,802.602907,801.7048047,809.9859846,872.6085944,899.4236268,913.7383402,953.1832394,970.9713115,1030.484902,1023.093842
la Font d'en Fargues,Barri,-,-,-,-,-,-,-,-,-,-,-,-,-,-,-,-,-,-,-,-,-,-,-,-,-,-,-,-,-,-,-,-,-,-,-,-,-,-,-,-,-,-,-,-,-,-,-,-,-,-,-,-,-,-,-,-,585.4542857,772.4074074,703.1481481,784.4444444,733.8076923,749.2307692,611,775.2941,749.8148148,689.6636,675.6944444,761.28125,812.9310345,721.46875,922.75,822.8205128,824.1176471,756.71875,876.5837209,840.5172414,796.5,1044.037273,880.1612903,850.855814,928.2894737,997.3333333,926.5384615,856.3868966,795.0209091,817.6896552,817.2643243,835.3005405,784.6646667,840.0942857,880.2962963,1013.898077,962.0740741,1093.571429,1030.757576,1126.185313,1126.137931
el Carmel,Barri,-,-,-,-,-,-,-,-,-,-,-,-,-,-,-,-,-,-,-,-,-,-,-,-,-,-,-,-,-,-,-,-,-,-,-,-,-,-,-,-,-,-,-,-,-,-,-,-,-,-,-,-,-,-,-,-,478.7004667,495.0096386,498.7878344,506.2621951,485.7373154,504.6059441,528,528.7661,518.2354601,550.2959,557.5508966,597.1266667,597.0917935,597.5799444,610.1333544,609.1050259,634.7498077,637.170049,654.767,653.2071579,670.6008152,666.914375,703.3125,700.1668878,707.9001111,682.7857143,705.9520548,651.3968,668.7672093,667.5668182,679.2798889,683.8196178,671.2829747,725.8053165,753.2008434,754.1397727,759.6530857,769.7615484,769.7338235,814.3975,853.7656429
la Teixonera,Barri,-,-,-,-,-,-,-,-,-,-,-,-,-,-,-,-,-,-,-,-,-,-,-,-,-,-,-,-,-,-,-,-,-,-,-,-,-,-,-,-,-,-,-,-,-,-,-,-,-,-,-,-,-,-,-,-,492.7888889,476.9386441,469.7698462,506.7675,505.0175439,547.2471698,498,527.5344,513.5334722,544.5591,570.1027632,672.6450588,663.9038961,671.854557,643.7351563,616.3233333,690.8076923,682.4437838,705.6005952,721.2297647,704.440678,725.8961039,773.7221212,747.2702299,741.2840984,695.55,748.5082609,678.9692308,716.1292208,713.7782432,686.3212676,739.668125,723.878,786.5415385,810.5245679,788.5610606,810.6932836,818.6839683,889.125,881.748871,934.0876667
Sant Genís dels Agudells,Barri,-,-,-,-,-,-,-,-,-,-,-,-,-,-,-,-,-,-,-,-,-,-,-,-,-,-,-,-,-,-,-,-,-,-,-,-,-,-,-,-,-,-,-,-,-,-,-,-,-,-,-,-,-,-,-,-,557,568.75,542.5111111,550.4528302,543.3333333,558.4883721,554,545.8222,616.3636364,592.3631,603.75,623.5952381,622.325,680.7954545,713.377551,672.7027027,648.0952381,646.8333333,660.9259259,666.9084746,759.1764706,705.1,756,740.1666667,698.90625,791.3181818,787.4,671.6889655,700.5052273,653.5294118,785.624,675.7425,706.4205882,720.2726316,759.0192308,755,830.999,782.4444444,863.76,816.2416129,796.4168085
Montbau,Barri,-,-,-,-,-,-,-,-,-,-,-,-,-,-,-,-,-,-,-,-,-,-,-,-,-,-,-,-,-,-,-,-,-,-,-,-,-,-,-,-,-,-,-,-,-,-,-,-,-,-,-,-,-,-,-,-,537.9363636,535.8823529,578.5,544.4736842,608.87,621.7586207,626,654.0909,614.7916667,635.1389,646.4285714,668.4615385,716.4285714,677.0889474,749,754.692,717.775,716.1764706,763.8157895,750.952381,780.3571429,802.3958333,792.3684211,798.4677551,788.0540541,758.9,770.2222222,798.3110714,741.4268421,729.9015789,745.8660526,744.24,736.1362222,750.7177778,853.5,844.9756098,856.8125,890.4074074,880.867037,950.0294118,957.7745161
la Vall d'Hebron,Barri,-,-,-,-,-,-,-,-,-,-,-,-,-,-,-,-,-,-,-,-,-,-,-,-,-,-,-,-,-,-,-,-,-,-,-,-,-,-,-,-,-,-,-,-,-,-,-,-,-,-,-,-,-,-,-,-,737.7272727,675.625,715,672.2222222,740,701.4285714,655,689.7826,692.3529412,786.3156,796.9230769,778.6666667,816.0526316,819.108,805.8695652,865.4166667,874.2,864.7222222,822.3076923,876.6451613,870.1571429,796.6330769,830,954.4642857,963.4375,879.1666667,830,817.0826087,827.0446429,884.1553846,878.0833333,859.1493333,888.8542105,865.3466667,907.3353846,928.6741935,927.0244444,914.3333333,943.2142857,1031.770909,1030.930286
la Clota,Barri,-,-,-,-,-,-,-,-,-,-,-,-,-,-,-,-,-,-,-,-,-,-,-,-,-,-,-,-,-,-,-,-,-,-,-,-,-,-,-,-,-,-,-,-,-,-,-,-,-,-,-,-,-,-,-,-,-,-,-,-,-,-,368,-,-,-,-,-,-,-,-,-,-,-,-,-,-,-,-,-,-,-,-,-,-,-,-,-,-,-,-,-,-,-,-,-,-
Horta,Barri,-,-,-,-,-,-,-,-,-,-,-,-,-,-,-,-,-,-,-,-,-,-,-,-,-,-,-,-,-,-,-,-,-,-,-,-,-,-,-,-,-,-,-,-,-,-,-,-,-,-,-,-,-,-,-,-,556.3031193,566.6726316,562.8594309,585.5776531,585.5429268,568.3132432,572,594.186,601.3474638,620.0546,634.352,668.655,669.8895652,708.6949219,704.5735152,708.8840397,748.1901911,742.5111667,754.534966,745.3502395,776.9957576,760.5831293,788.6486429,802.5273446,815.6542759,767.6229508,788.0365041,747.483,747.4025455,734.9025309,754.9053503,760.3678431,740.3040645,794.201875,814.13,863.9070946,854.750915,881.0933333,894.405,961.4641463,1002.478083
Nou Barris,Districte,312.8769,344.645,333.0103,338.9595,341.6296,357.9529,355.6049,418.1126,474.2829,390.6853,420.3646,420.9841,418.3575,425.6176,443.3875,460.9111,465.2254,452.5333,486.8068,485.0857,479.0127,540.1696,531.6398,502.7448,596.8848,547.3019,586.286,600.3746,584.33,629.18,667.15,653.1,652.898,670.8233,686.864,695.3796,680.94,660.22,636.61,641.59,634.94,619.93,619.13,613.86,615.234,610.6517,612.7394,599.1967,576.3146,555.5738,538.8029,536.7746,525.4205,516.6238,507.2951,505.6662,489.8155,497.1716,489.5242,520.816,504.146,513.1776,521.6656,534.0516,530.8322595,548.659,563.9937538,600.2862465,615.7435235,605.6744931,630.7801984,646.5222921,651.9259056,670.2907881,680.8824423,694.1154535,694.9968284,704.6772873,702.182521,715.8004358,695.8870816,703.7893557,735.4736603,688.4210638,679.180197,680.4073697,681.6117206,697.2689207,680.839834,714.0028793,748.5996348,774.1608867,762.4746015,796.2413424,804.7991028,832.6620833,828.7142748
Vilapicina i la Torre Llobeta,Barri,-,-,-,-,-,-,-,-,-,-,-,-,-,-,-,-,-,-,-,-,-,-,-,-,-,-,-,-,-,-,-,-,-,-,-,-,-,-,-,-,-,-,-,-,-,-,-,-,-,-,-,-,-,-,-,-,555.8912,573.2356481,567.2644144,579.114902,561.577551,583.0526733,581,615.064,618.5502703,616.9898,640.4756863,684.2024528,687.3726316,699.8146154,750.4254962,723.3442442,720.9026829,726.8898276,742.8174658,782.9493548,758.5040123,773.74625,792.1502609,801.7559777,789.9499115,803.1977215,841.9931343,751.7582787,736.4956552,754.3757764,747.4703378,803.6664744,767.0274016,855.5319014,838.6148462,838.4182895,872.783945,899.1509565,924.5480645,934.3668519,950.3851351
Porta,Barri,-,-,-,-,-,-,-,-,-,-,-,-,-,-,-,-,-,-,-,-,-,-,-,-,-,-,-,-,-,-,-,-,-,-,-,-,-,-,-,-,-,-,-,-,-,-,-,-,-,-,-,-,-,-,-,-,523.2865833,517.0641667,522.7000787,552.5615493,545.8569091,556.5018803,542,577.5248,536.6560185,574.3831,617.2183929,672.6352899,654.5830909,640.9529012,670.4313235,682.828255,675.0772671,713.9393909,712.1165789,723.3426797,722.8006818,775.2794118,749.1681818,756.7910667,690.3920833,725.8831034,759.2843966,723.5677477,707.1695556,698.5459286,712.8194964,740.4000735,718.5190756,728.5253788,765.714065,808.0444586,811.5414912,841.2266667,842.0656436,855.0834343,860.2332381
el Turó de la Peira,Barri,-,-,-,-,-,-,-,-,-,-,-,-,-,-,-,-,-,-,-,-,-,-,-,-,-,-,-,-,-,-,-,-,-,-,-,-,-,-,-,-,-,-,-,-,-,-,-,-,-,-,-,-,-,-,-,-,475.0595652,461.2496739,459.4247222,501.0571429,455.9635294,485.4020755,509,555.1772,537.932973,547.652,538.1046479,582.123375,587.0179012,600.8403704,613.7969231,653.5167708,665.3618478,668.1591589,682.6741935,692.0522727,685.2509901,702.3925,690.0247917,710.7496117,686.3624691,721.315,712.8095062,681.2793269,687.2019643,671.7841346,681.7868889,691.8660674,662.8462887,709.77625,760.5014667,781.2277273,712.0798649,781.7964773,767.6677586,811.3589091,830.8226923
Can Peguera,Barri,-,-,-,-,-,-,-,-,-,-,-,-,-,-,-,-,-,-,-,-,-,-,-,-,-,-,-,-,-,-,-,-,-,-,-,-,-,-,-,-,-,-,-,-,-,-,-,-,-,-,-,-,-,-,-,-,241.9853333,295.3942857,145.4454545,-,-,-,-,-,-,-,-,301.8175,-,407.2216667,-,-,-,-,-,-,-,-,-,-,-,-,-,-,-,-,-,-,-,-,-,-,-,-,-,-,-
la Guineueta,Barri,-,-,-,-,-,-,-,-,-,-,-,-,-,-,-,-,-,-,-,-,-,-,-,-,-,-,-,-,-,-,-,-,-,-,-,-,-,-,-,-,-,-,-,-,-,-,-,-,-,-,-,-,-,-,-,-,613.5849057,613.1428571,607.7397674,620.8284507,626.2333333,562.4532727,555,538.099,589.2040541,613.9551,632.285,666.8269643,634.5443478,632.4344776,625.2322222,693.3963636,685.0542857,724.2515534,732.8584524,708.4111828,751.0283784,723.1316667,721.11,783.0232258,735.4009877,686.5658,771.3994828,750.2052239,691.5908571,698.2648,653.2142373,664.2380303,644.7204545,748.8218358,816.036962,825.432381,879.9590698,833.915098,816.715,851.4891304,920.4988732
Canyelles,Barri,-,-,-,-,-,-,-,-,-,-,-,-,-,-,-,-,-,-,-,-,-,-,-,-,-,-,-,-,-,-,-,-,-,-,-,-,-,-,-,-,-,-,-,-,-,-,-,-,-,-,-,-,-,-,-,-,563.3333333,474.2857143,532.6666667,566.3636364,-,575.8333333,558,598.0367,619.8523077,621.4286,648.75,617.52,689.6153846,677.5,701.5,656.1538462,714.6828571,661.875,715.4545455,774.375,791.8721429,756.3888889,714.4444444,722.5,778,-,833.3333333,756.1013043,762.4844444,673.75,769.86,763.331,655.028,851.2592857,-,866.9090909,822.7777778,845.6153846,737,897.0833333,1006.666667
les Roquetes,Barri,-,-,-,-,-,-,-,-,-,-,-,-,-,-,-,-,-,-,-,-,-,-,-,-,-,-,-,-,-,-,-,-,-,-,-,-,-,-,-,-,-,-,-,-,-,-,-,-,-,-,-,-,-,-,-,-,461.2813115,448.6044776,444.2942466,450.3990141,461.891791,466.8852459,476,448.625,455.6528571,475.408,512.3414286,523.0151563,504.3090323,505.9744048,560.5585294,565.1821127,605.4140789,575.7142857,638.1398214,595.8088235,636.075,625.3269737,612.2784906,610.4637681,636.8387097,633.7523529,626.9880769,651.3079452,643.6096774,608.6768421,628.6898765,605.5057627,641.2159677,632.9130435,676.1328571,711.2832394,693.4822034,728.7142857,746.97,789.0315,819.4915254
Verdun,Barri,-,-,-,-,-,-,-,-,-,-,-,-,-,-,-,-,-,-,-,-,-,-,-,-,-,-,-,-,-,-,-,-,-,-,-,-,-,-,-,-,-,-,-,-,-,-,-,-,-,-,-,-,-,-,-,-,503.4680851,465.5645313,484.9793443,502.4105,469.8252632,419.7891667,506,503.3498,539.5901639,526.1937,495.5238776,565.8862712,595.4782609,579.6680556,593.6414035,600.3678788,624.705,628.7988571,618.9086111,649.2247368,633.2356962,653.3365079,696.077561,668.7373016,675.3656061,603.919697,692.2068966,644.377,631.6459677,648.9046269,666.6019231,647.7233962,652.7351429,608.9846591,660.1017308,675.8306452,683.8707813,770.8566154,761.7855319,829.9826316,713.4193478
la Prosperitat,Barri,-,-,-,-,-,-,-,-,-,-,-,-,-,-,-,-,-,-,-,-,-,-,-,-,-,-,-,-,-,-,-,-,-,-,-,-,-,-,-,-,-,-,-,-,-,-,-,-,-,-,-,-,-,-,-,-,521.814386,501.40392,479.4841525,515.9926866,515.4891304,531.2723729,544,528.6967,518.0154545,550.3124,584.5299145,589.23952,624.577549,617.6098305,625.6614754,641.2088966,634.2958333,657.4290964,667.7165354,698.0765101,677.4144375,673.6744444,696.3107438,692.4917986,714.7793913,707.8052778,712.1091935,673.8233333,671.798662,680.9139394,669.5352756,683.8946154,687.1696522,693.3188889,731.2618919,779.7313043,767.9540496,797.0545045,783.6747126,795.183038,837.3864948
la Trinitat Nova,Barri,-,-,-,-,-,-,-,-,-,-,-,-,-,-,-,-,-,-,-,-,-,-,-,-,-,-,-,-,-,-,-,-,-,-,-,-,-,-,-,-,-,-,-,-,-,-,-,-,-,-,-,-,-,-,-,-,442.9411765,449.3055556,416.6521739,420.9816129,433.813913,456.7144,466,438.9134,423.1823684,450.8505,419.48,438.6455556,540.6818182,533.3033333,538.448125,551.2162162,592.7272727,574.1486111,584.7297297,575.3803333,612.2916667,640.1844828,617.9448387,561.3875,565.7726471,623.75,583.77,600.2272727,605.0128571,598.5741379,610.4365625,557.0167857,591.0129167,574.8903125,661.4018182,673.168,625.927,662.2953571,653.7307143,696.3636364,747.2606897
Torre Baró,Barri,-,-,-,-,-,-,-,-,-,-,-,-,-,-,-,-,-,-,-,-,-,-,-,-,-,-,-,-,-,-,-,-,-,-,-,-,-,-,-,-,-,-,-,-,-,-,-,-,-,-,-,-,-,-,-,-,-,320.21,-,-,-,420.625,-,366.6667,392.43625,447.045,-,416.3857143,418.0655556,-,463.1666667,448.2275,-,434.52,-,-,-,-,-,-,452.0442857,-,-,-,-,-,-,-,-,-,552.6666667,-,491.8783333,-,-,-,417.4585714
Ciutat Meridiana,Barri,-,-,-,-,-,-,-,-,-,-,-,-,-,-,-,-,-,-,-,-,-,-,-,-,-,-,-,-,-,-,-,-,-,-,-,-,-,-,-,-,-,-,-,-,-,-,-,-,-,-,-,-,-,-,-,-,359.272,406.1666667,372.4358974,360.9375676,401.1666667,399.1923077,381,400.2944,344.2554167,427.973,373.1433333,446.1290323,459.1946667,436.1733333,423.0875758,425.5117647,507.1578947,491.8421053,514.3428571,514.516129,575.4285714,559.7941176,532.6188,572.934375,546.1112,508.4375,572.4074074,514.1175,520.2456,488.1328571,547.6558621,546.7793939,517.6891667,577.32,575.32,580.113,607.8451429,593.3680645,624.8489474,627.9428571,603.66
Vallbona,Barri,-,-,-,-,-,-,-,-,-,-,-,-,-,-,-,-,-,-,-,-,-,-,-,-,-,-,-,-,-,-,-,-,-,-,-,-,-,-,-,-,-,-,-,-,-,-,-,-,-,-,-,-,-,-,-,-,-,-,-,-,-,450,-,-,418,-,-,-,-,302.5183333,-,-,-,-,-,-,-,-,-,-,-,-,-,-,-,-,-,-,-,-,-,-,-,-,-,-,-
Sant Andreu (Districte),-,312.6609,328.0702,361.517,353.8437,379.2953,374.6384,384.2322,398.7527,440.2157,421.0084,428.544,437.6636,440.8209,442.3631,472.398,490.4152,486.9413,522.1979,516.0989,506.9671,537.7638,584.7006,543.9829,603.0246,615.4325,613.672,639.9959,549.9712,642.13,649.68,715.67,705.6,718.1471,685.2863,743.6333,746.9664,738.07,709.9,690.76,693.74,689.03,677.06,659.25,667.07,661.6144,657.1326,659.0688,656.0608,652.77,616.4534,613.352,624.5269,599.0229,582.0945,558.6788,575.978,577.5512,561.0081,577.1374,584.5623,594.5108,598.0872,624.0398,627.509,606.0262184,635.4269,651.6283622,688.148258,659.9465945,695.4510263,726.7205182,735.6050675,736.3501813,755.3988679,775.2825411,781.7131922,787.8910828,787.5934097,798.7933282,810.8268314,790.6200431,819.8397878,811.071411,781.4452747,757.7753426,757.8362369,768.8122105,772.5275754,779.0951969,794.5701282,846.4079242,893.5493898,878.5384039,876.6008255,940.7061181,958.704564,939.8763434
la Trinitat Vella,Barri,-,-,-,-,-,-,-,-,-,-,-,-,-,-,-,-,-,-,-,-,-,-,-,-,-,-,-,-,-,-,-,-,-,-,-,-,-,-,-,-,-,-,-,-,-,-,-,-,-,-,-,-,-,-,-,-,461.097561,407.2641463,419.1170588,400.7575758,383.6166667,464.954359,449,455.875,422.3688095,483.2223,459.8432432,552.8075,497.8364103,434.9148,532.3324324,535.9175,589.0217391,598.2941176,597.9310345,564.5597917,601.1773333,614.6818182,569.8632353,622.2857143,605.014359,701.0416667,668.4820588,609.9586486,625.0551111,592.4375,585.0336842,626.5566667,616.9182051,620.0014286,668.030303,678.2309302,692.5707143,674.7357895,708.7863636,770.3339394,723.96
Baró de Viver,Barri,-,-,-,-,-,-,-,-,-,-,-,-,-,-,-,-,-,-,-,-,-,-,-,-,-,-,-,-,-,-,-,-,-,-,-,-,-,-,-,-,-,-,-,-,-,-,-,-,-,-,-,-,-,-,-,-,-,231.400625,-,-,303.79625,362.9442857,187,-,142.3357143,-,256.4471429,-,-,-,-,-,-,-,-,673.6914286,-,-,-,-,584.1183333,-,-,-,-,447.51,-,616.7333333,-,-,-,-,-,-,-,-,-
el Bon Pastor,Barri,-,-,-,-,-,-,-,-,-,-,-,-,-,-,-,-,-,-,-,-,-,-,-,-,-,-,-,-,-,-,-,-,-,-,-,-,-,-,-,-,-,-,-,-,-,-,-,-,-,-,-,-,-,-,-,-,488.1381579,476.31,503.9348889,514.575,504.2691892,526.1195455,577,539.291,472.388125,588.233,558.4190909,555.1225,622.8164286,647.6944444,653.7194286,576.9675,658.6317647,687.5519231,693.6919048,696.0565,705.7748837,659.1892105,654.3352941,713.382093,725.8301887,759.5227778,737.952381,688.9474419,658.9087234,741.9189189,644.10525,696.8463415,702.605122,732.6277778,776.7634884,749.1013953,691.3944444,601.3795385,842.137931,839.2696078,679.1972464
Sant Andreu (Barri),-,-,-,-,-,-,-,-,-,-,-,-,-,-,-,-,-,-,-,-,-,-,-,-,-,-,-,-,-,-,-,-,-,-,-,-,-,-,-,-,-,-,-,-,-,-,-,-,-,-,-,-,-,-,-,-,-,581.1552434,573.1249398,593.2170588,557.10084,585.9772857,609.5543363,631,622.9394,624.7505929,663.308,658.4947107,690.64,708.595206,728.0855789,744.7329167,751.9492258,744.8194828,752.6591641,777.0606309,782.1481953,795.2622222,800.9044523,805.0129555,819.2711182,798.9246237,835.3394074,825.9047154,793.9880608,762.5137333,757.2412941,792.905,754.025193,800.9071831,788.1859851,855.5529545,840.7457143,868.7964979,883.9376955,944.9925962,956.0786111,957.508692
la Sagrera,Barri,-,-,-,-,-,-,-,-,-,-,-,-,-,-,-,-,-,-,-,-,-,-,-,-,-,-,-,-,-,-,-,-,-,-,-,-,-,-,-,-,-,-,-,-,-,-,-,-,-,-,-,-,-,-,-,-,626.2564935,622.709635,570.3559322,616.2727333,619.1574219,608.6195758,637,682.4382,658.1181301,619.9883,670.18725,709.1114504,575.2286184,656.7105357,692.4936095,732.2277778,734.4451678,798.3900552,783.0900538,798.3170313,807.6327322,807.5270811,827.1175658,829.0702778,777.2450746,809.5111538,795.0229008,766.560473,759.2758986,737.4101754,772.7737118,798.5916585,751.4732692,803.5283019,850.698125,1022.513496,961.3945833,925.6626429,984.9985294,1013.258411,1016.515743
el Congrés i els Indians,Barri,-,-,-,-,-,-,-,-,-,-,-,-,-,-,-,-,-,-,-,-,-,-,-,-,-,-,-,-,-,-,-,-,-,-,-,-,-,-,-,-,-,-,-,-,-,-,-,-,-,-,-,-,-,-,-,-,563.4209859,556.2592593,596.6323171,607.7662338,595.4298246,594.2881356,636,618.8732,613.7096774,635.8073,691.9473684,662.2545455,696.0379747,724.2843056,761.1919444,742.8863953,754.0885393,751.1625263,787.7802198,804.738913,772.3404255,782.6623377,805.8974359,816.6978481,815.4925373,788.197027,834.2328767,779.384023,756.8534314,791.3388889,751.8895604,799.2122449,795.7694595,784.2659036,869.1332895,876.1771429,864.3792405,920.1522059,982.6272222,966.2235556,970.5084906
Navas,Barri,-,-,-,-,-,-,-,-,-,-,-,-,-,-,-,-,-,-,-,-,-,-,-,-,-,-,-,-,-,-,-,-,-,-,-,-,-,-,-,-,-,-,-,-,-,-,-,-,-,-,-,-,-,-,-,-,613.4653465,590.1651613,635.1113281,647.8437168,665.8942623,650.76125,685,688.3551,665.3368041,704.4499,712.3249495,768.655534,716.7754545,783.8774219,790.186963,805.0965359,790.1990141,797.7984615,823.7393388,840.0090446,855.2758407,836.9355263,864.5925472,856.7830882,872.9955085,898.4969697,858.4148361,846.2684459,824.1941096,827.1533775,805.2878523,825.38832,847.2229825,878.3538655,890.0347788,917.9933333,920.1303922,971.1037383,964.5493617,1056.1,1041.187558
Sant Martí,Districte,324.7735,326.785,344.8026,370.2011,363.0974,368.9668,394.3918,447.8777,534.0705,438.905,460.9496,450.191,442.0024,468.0405,503.9302,517.6698,499.6606,528.1237,552.5164,543.7387,565.2272,604.6565,604.0865,641.0921,631.5786,700.0431,673.0895,718.5077,719.63,726.82,717.03,757.14,751.4028,766.4534,789.5203,773.726,763.35,719.71,749.17,728.67,735.48,733.29,727.19,716.41,706.675,699.9038,709.6642,705.4035,695.0355,696.4801,652.3728,655.4249,641.8214,644.1613,628.5047,635.3954,639.8561,637.5634,635.0428,650.0615,659.87,694.475,720.0736,722.7917,724.5265876,753.9783,789.9867957,812.6602649,834.2106507,827.6197587,849.3804658,856.2809019,858.587754,900.0540991,866.1213528,913.9165149,905.8428926,949.4173854,948.4363603,963.5612897,954.0769401,915.3326872,934.9087865,910.9212128,880.4400118,855.154557,909.6813612,911.8951961,908.0550562,968.0143928,1037.257529,1073.82889,1084.254905,1064.669729,1138.058791,1124.029081,1140.302795
el Camp de l'Arpa del Clot,Barri,-,-,-,-,-,-,-,-,-,-,-,-,-,-,-,-,-,-,-,-,-,-,-,-,-,-,-,-,-,-,-,-,-,-,-,-,-,-,-,-,-,-,-,-,-,-,-,-,-,-,-,-,-,-,-,-,580.0897143,592.6280899,604.8257875,615.6116788,615.4571364,624.2366135,669,660.7208,659.5842857,690.838,715.5241923,720.3909247,756.5707326,765.736,797.6950495,789.5939067,785.8760937,806.9729919,827.4469714,851.5771989,845.2531013,844.2505143,879.4908247,857.9330435,887.3077113,853.8128488,894.1691034,817.6826791,814.5448737,795.6396685,830.8195652,842.1266869,841.4697315,875.1151961,916.2850714,944.6200331,957.059375,960.8900775,1017.814694,1010.467609,1021.699729
el Clot,Barri,-,-,-,-,-,-,-,-,-,-,-,-,-,-,-,-,-,-,-,-,-,-,-,-,-,-,-,-,-,-,-,-,-,-,-,-,-,-,-,-,-,-,-,-,-,-,-,-,-,-,-,-,-,-,-,-,604.8482222,641.1132576,607.6165101,643.7471515,618.5677119,636.9705405,673,672.1111,645.4193162,688.8531,708.7987879,728.8680537,774.967234,740.9140123,775.2708383,777.2120297,774.3172222,815.8222751,815.103865,835.5468824,828.7762644,829.4444156,899.1188816,871.6172024,865.7738462,890.8639773,869.0812081,870.7807831,853.5735965,786.4169022,822.2024342,833.8023977,861.1912587,883.9569536,936.363254,935.3295092,990.459078,1030.493419,999.9968085,1105.33959,1085.740787
el Parc i la Llacuna del Poblenou,Barri,-,-,-,-,-,-,-,-,-,-,-,-,-,-,-,-,-,-,-,-,-,-,-,-,-,-,-,-,-,-,-,-,-,-,-,-,-,-,-,-,-,-,-,-,-,-,-,-,-,-,-,-,-,-,-,-,704.6748611,678.2306173,739.944,634.1235484,722.228,755.435443,774,737.3119,799.6303636,759.0787,839.075679,886.6634091,850.7267,907.1359302,905.241573,916.3268817,916.3068,1198.769823,897.667449,938.5890816,950.8077419,1066.578492,959.5781897,1072.8006,969.0563529,975.71,1006.276125,952.2022449,927.5312295,911.0828829,1024.373333,1040.667528,1089.183364,1173.241181,1169.331538,1168.393295,1210.645833,1226.186667,1220.503108,1328.716481,1323.112794
la Vila Olímpica del Poblenou,Barri,-,-,-,-,-,-,-,-,-,-,-,-,-,-,-,-,-,-,-,-,-,-,-,-,-,-,-,-,-,-,-,-,-,-,-,-,-,-,-,-,-,-,-,-,-,-,-,-,-,-,-,-,-,-,-,-,926.4280556,988.8876087,1121.060606,991.0568421,1093.141071,1116.304348,1173,1015.0971,1136.003784,1151.4802,1142.757381,1285.612245,1108.372093,1345.625625,1189.263158,1349.816901,1272.257931,1288.913793,1284.3,1292.226724,1304.037037,1444.616,1332.441176,1357.818182,1427.54717,1446.111111,1346.730159,1332.393115,1298.89913,1248.557821,1343.124,1364.678246,1305.044355,1442.563,1499.494468,1484.291695,1472.378667,1552.745455,1481.342105,1471.589744,1660.033778
el Poblenou,Barri,-,-,-,-,-,-,-,-,-,-,-,-,-,-,-,-,-,-,-,-,-,-,-,-,-,-,-,-,-,-,-,-,-,-,-,-,-,-,-,-,-,-,-,-,-,-,-,-,-,-,-,-,-,-,-,-,663.9329944,644.0136548,652.2272362,658.0079327,682.83975,711.4551613,764,773.5168,719.1178218,785.1146,828.6080488,840.7569767,868.9013964,899.8881893,917.8664414,911.115979,913.2948897,960.9875465,1006.814728,970.637363,952.5491459,996.6525746,1024.268101,1051.290632,1037.009623,987.0885217,1006.90166,974.6608846,928.5319192,912.3897857,971.2622333,970.6666547,967.9315385,1085.622314,1104.191255,1155.312339,1111.303274,1152.028798,1211.333763,1234.349,1307.216098
Diagonal Mar i el Front Marítim del Poblenou,Barri,-,-,-,-,-,-,-,-,-,-,-,-,-,-,-,-,-,-,-,-,-,-,-,-,-,-,-,-,-,-,-,-,-,-,-,-,-,-,-,-,-,-,-,-,-,-,-,-,-,-,-,-,-,-,-,-,866.7007353,817.9325532,896.4223913,1130.29381,914.7505556,981.8565152,1023,1211.012,1004.510439,1116.0853,1268.482083,1181.153611,1148.199889,965.3620455,1093.335778,1233.009878,1164.842527,1371.144265,818.5531765,1307.790238,1231.190404,1388.111781,1409.445821,1498.557439,1233.191461,840.8748,1074.38022,1392.636889,978.358169,948.2837405,1162.898395,1205.257848,964.6986047,1238.712615,1354.937288,1473.747927,1488.094,1400.592857,1288.465506,1319.469024,1294.828148
el Besòs i el Maresme,Barri,-,-,-,-,-,-,-,-,-,-,-,-,-,-,-,-,-,-,-,-,-,-,-,-,-,-,-,-,-,-,-,-,-,-,-,-,-,-,-,-,-,-,-,-,-,-,-,-,-,-,-,-,-,-,-,-,516.9012658,480.687907,423.4475,504.1903846,512.8923077,505.9726563,516,492.1047,506.6970313,521.0792,556.4532258,571.5977333,588.902381,606.6124706,625.1284043,621.3221429,682.3169643,649.1691,699.0563303,711.6713402,694.7655882,844.5338384,728.342,693.7847368,749.7390361,696.9111765,801.505618,731.5830275,704.2415957,700.8475962,736.1021782,700.5306667,796.8741111,779.2242,761.4150467,780.5466667,807.6485263,746.8926471,794.6954545,774.3591379,853.4401852
Provençals del Poblenou,Barri,-,-,-,-,-,-,-,-,-,-,-,-,-,-,-,-,-,-,-,-,-,-,-,-,-,-,-,-,-,-,-,-,-,-,-,-,-,-,-,-,-,-,-,-,-,-,-,-,-,-,-,-,-,-,-,-,635.6984706,643.4634177,630.2898592,649.2142857,612.1080519,670.3831579,679,685.3489,758.8098684,727.8138,856.576962,987.1835185,999.6200971,941.1571287,933.9017308,864.0947059,957.0199242,913.6619,928.0181356,999.6276042,959.154381,960.1323423,996.3721111,1013.640179,1000.121279,1076.553571,956.7861682,859.8845714,976.7242105,884.8065217,962.6590244,977.7725253,939.1881308,1032.882857,1059.427184,1062.399754,1170.536915,1204.218415,1091.726296,1152.173521,1123.136322
Sant Martí de Provençals,Barri,-,-,-,-,-,-,-,-,-,-,-,-,-,-,-,-,-,-,-,-,-,-,-,-,-,-,-,-,-,-,-,-,-,-,-,-,-,-,-,-,-,-,-,-,-,-,-,-,-,-,-,-,-,-,-,-,643.6604762,641.7507447,614.5482979,636.3,662.2534444,697.31775,672,666.8418,688.4878899,679.2548,716.1658889,720.7362637,742.0588235,750.71184,776.0904587,790.5799153,751.4751538,797.5386047,803.490354,823.4649123,840.1572656,844.0598291,829.7280357,835.6773636,863.0276316,854.2765957,822.3984375,807.4266667,794.6104724,799.6892857,804.1858929,826.1590845,796.4099048,843.0454701,1158.863798,998.0303906,925.3151402,960.8736842,997.6580189,1017.035532,1028.017339
la Verneda i la Pau,Barri,-,-,-,-,-,-,-,-,-,-,-,-,-,-,-,-,-,-,-,-,-,-,-,-,-,-,-,-,-,-,-,-,-,-,-,-,-,-,-,-,-,-,-,-,-,-,-,-,-,-,-,-,-,-,-,-,568.6763768,569.1397778,569.8405814,552.5784722,609.2231429,595.4242424,633,602.1882,597.8933766,613.2129,617.0078409,591.8589855,677.9097403,671.8728972,711.9873958,692.6665591,715.3698795,719.5453125,767.0996939,756.0975472,764.6212,798.1036735,770.2478125,781.0259551,765.321519,767.46,782.4018447,765.9140816,740.8374257,728.181573,752.9293636,752.0239241,733.931068,757.0218812,775.7689655,1112.104912,1148.441892,991.0926347,996.7577686,1002.728784,1001.287396