Any,Codi_Districte,Nom_Districte,Codi_Barri,Nom_Barri,Seccio_Censal,Distribucio_P80_20,Index_Gini,Import_Renda_Disponible,Import_Renda_Bruta,Import_Renda_Neta,Edat_Mitjana
2020,1,Ciutat Vella,1,el Raval,1,3.8,38.0,12894.11,12798,10696,38.62680488707886
2020,1,Ciutat Vella,1,el Raval,2,3.4,37.3,9839.18,9727,8362,38.62680488707886
2020,1,Ciutat Vella,1,el Raval,3,3.7,38.1,10020.04,9932,8531,35.76421657592257
2020,1,Ciutat Vella,1,el Raval,4,3.2,37.3,12559.46,12318,10318,35.76421657592257
2020,1,Ciutat Vella,1,el Raval,5,3.1,37.2,10790.31,10575,9065,38.043315780533376
2020,1,Ciutat Vella,1,el Raval,6,3.2,40.4,11653.09,11704,9669,38.043315780533376
2020,1,Ciutat Vella,1,el Raval,7,3.2,38.2,11006.44,10806,9115,38.043315780533376
2020,1,Ciutat Vella,1,el Raval,8,2.9,35.3,8246.72,8167,7140,37.17627801561319
2020,1,Ciutat Vella,1,el Raval,9,3.5,37.7,11387.94,11322,9540,37.17627801561319
2020,1,Ciutat Vella,1,el Raval,10,3.1,36.3,8810.08,8760,7544,37.17627801561319
2020,1,Ciutat Vella,1,el Raval,11,3.0,35.2,8694.03,8504,7425,37.89020861885184
2020,1,Ciutat Vella,1,el Raval,12,2.9,33.0,11747.43,11393,9767,37.89020861885184
2020,1,Ciutat Vella,1,el Raval,13,2.8,33.8,12004.77,11647,10041,37.89020861885184
2020,1,Ciutat Vella,1,el Raval,14,2.8,31.0,10986.47,10589,9207,38.29421859916336
2020,1,Ciutat Vella,1,el Raval,15,3.4,37.0,11397.73,11120,9528,38.29421859916336
2020,1,Ciutat Vella,1,el Raval,16,2.4,30.2,10748.48,10376,8992,38.29421859916336
2020,1,Ciutat Vella,1,el Raval,17,2.7,31.5,10394.44,10122,8747,38.29421859916336
2020,1,Ciutat Vella,1,el Raval,18,2.9,32.0,10571.17,10304,8946,39.711038478680734
2020,1,Ciutat Vella,1,el Raval,19,3.2,36.0,10883.69,10638,9072,39.711038478680734
2020,1,Ciutat Vella,1,el Raval,20,3.6,37.2,17158.76,16956,13841,39.711038478680734
2020,1,Ciutat Vella,1,el Raval,21,3.8,39.0,16524.78,16697,13416,38.83357383357384
2020,1,Ciutat Vella,2,el Barri Gòtic,22,4.4,41.5,20556.78,21291,16359,40.702127659574465
2020,1,Ciutat Vella,2,el Barri Gòtic,23,3.3,38.5,17543.44,18022,14163,40.702127659574465
2020,1,Ciutat Vella,2,el Barri Gòtic,25,4.2,42.0,15730.97,15885,12653,36.95943808726393
2020,1,Ciutat Vella,2,el Barri Gòtic,26,3.8,37.7,17187.54,17626,13841,36.95943808726393
2020,1,Ciutat Vella,2,el Barri Gòtic,27,3.5,38.9,15611.01,15405,12553,36.95943808726393
2020,1,Ciutat Vella,2,el Barri Gòtic,28,3.5,38.5,14984.02,14931,12141,38.0042194092827
2020,1,Ciutat Vella,2,el Barri Gòtic,29,4.3,41.4,11870.22,11909,9800,38.0042194092827
2020,1,Ciutat Vella,2,el Barri Gòtic,30,3.3,39.3,13362.19,13381,11024,40.03033367037411
2020,1,Ciutat Vella,2,el Barri Gòtic,31,4.3,44.4,12859.68,13160,10549,40.03033367037411
2020,1,Ciutat Vella,3,la Barceloneta,32,3.4,37.2,17076.34,17136,13857,42.06068532566048
2020,1,Ciutat Vella,3,la Barceloneta,33,2.8,32.9,13841.09,13517,11460,42.06068532566048
2020,1,Ciutat Vella,3,la Barceloneta,34,2.6,33.4,14775.46,14623,12156,42.06068532566048
2020,1,Ciutat Vella,3,la Barceloneta,35,3.0,32.7,14521.73,14277,11996,42.225322782174096
2020,1,Ciutat Vella,3,la Barceloneta,36,2.8,31.9,15854.62,15748,13130,42.225322782174096
2020,1,Ciutat Vella,3,la Barceloneta,37,3.0,32.1,14694.59,14810,12306,42.2178943750716
2020,1,Ciutat Vella,3,la Barceloneta,38,3.3,34.8,13615.46,13400,11266,42.2178943750716
2020,1,Ciutat Vella,3,la Barceloneta,39,3.2,33.6,14683.7,14393,12091,42.2178943750716
2020,1,Ciutat Vella,3,la Barceloneta,40,4.0,37.7,15886.25,15843,12974,42.2178943750716
2020,1,Ciutat Vella,3,la Barceloneta,41,3.3,33.6,13417.29,13073,10938,42.2178943750716
2020,1,Ciutat Vella,3,la Barceloneta,42,3.0,32.5,15393.65,15360,12786,42.2178943750716
2020,1,Ciutat Vella,4,"Sant Pere, Santa Caterina i la Ribera",43,3.4,37.1,21885.13,22011,17139,39.99478185244238
2020,1,Ciutat Vella,4,"Sant Pere, Santa Caterina i la Ribera",44,3.9,40.7,20238.24,20380,15882,39.99478185244238
2020,1,Ciutat Vella,4,"Sant Pere, Santa Caterina i la Ribera",45,3.3,37.8,16678.86,16858,13430,39.99478185244238
2020,1,Ciutat Vella,4,"Sant Pere, Santa Caterina i la Ribera",46,3.3,36.7,14657.61,16101,12056,39.99478185244238
2020,1,Ciutat Vella,4,"Sant Pere, Santa Caterina i la Ribera",47,3.5,39.2,15482.44,15640,12522,39.37021432496794
2020,1,Ciutat Vella,4,"Sant Pere, Santa Caterina i la Ribera",48,3.2,37.9,11929.05,11704,9882,39.37021432496794
2020,1,Ciutat Vella,4,"Sant Pere, Santa Caterina i la Ribera",49,3.6,37.3,15570.12,15678,12674,39.37021432496794
2020,1,Ciutat Vella,4,"Sant Pere, Santa Caterina i la Ribera",50,3.6,37.4,15351.91,15610,12542,37.916719342604296
2020,1,Ciutat Vella,4,"Sant Pere, Santa Caterina i la Ribera",51,3.9,38.5,13531.48,13422,10999,37.916719342604296
2020,1,Ciutat Vella,4,"Sant Pere, Santa Caterina i la Ribera",52,4.4,42.6,21478.54,22260,17003,37.916719342604296
2020,1,Ciutat Vella,4,"Sant Pere, Santa Caterina i la Ribera",53,3.1,35.9,14333.53,14041,11767,43.40148281285104
2020,1,Ciutat Vella,4,"Sant Pere, Santa Caterina i la Ribera",54,3.5,37.7,16160.95,15801,12998,43.40148281285104
2020,1,Ciutat Vella,4,"Sant Pere, Santa Caterina i la Ribera",55,3.3,38.8,19831.72,20034,16057,43.40148281285104
2020,3,Sants-Montjuïc,13,la Marina de Port,26,2.1,24.8,16222.11,16063,13807,43.896944278010785
2020,3,Sants-Montjuïc,13,la Marina de Port,27,2.6,28.8,17361.24,17177,14238,43.896944278010785
2020,3,Sants-Montjuïc,13,la Marina de Port,28,3.4,34.1,19561.73,19770,15609,43.896944278010785
2020,3,Sants-Montjuïc,13,la Marina de Port,29,2.4,26.4,15253.1,14669,12679,43.896944278010785
2020,3,Sants-Montjuïc,13,la Marina de Port,30,2.5,28.6,17183.44,16716,14128,43.896944278010785
2020,3,Sants-Montjuïc,13,la Marina de Port,31,2.4,27.1,15347.46,15165,12905,43.44069353542312
2020,3,Sants-Montjuïc,13,la Marina de Port,32,2.8,31.5,13992.44,13746,11609,43.44069353542312
2020,3,Sants-Montjuïc,13,la Marina de Port,33,2.6,29.4,11963.4,11594,10092,43.44069353542312
2020,3,Sants-Montjuïc,13,la Marina de Port,34,2.8,29.5,15547.73,15457,12951,43.44069353542312
2020,3,Sants-Montjuïc,13,la Marina de Port,35,2.5,29.2,17142.6,17081,14261,44.14427209867315
2020,3,Sants-Montjuïc,13,la Marina de Port,36,2.8,29.8,18780.28,19010,15410,44.14427209867315
2020,3,Sants-Montjuïc,13,la Marina de Port,37,2.2,25.1,17737.84,17595,14502,44.14427209867315
2020,3,Sants-Montjuïc,13,la Marina de Port,38,2.9,29.5,11867.31,11580,10204,40.93160444571103
2020,3,Sants-Montjuïc,13,la Marina de Port,39,2.6,29.7,11600.87,11252,9827,40.93160444571103
2020,3,Sants-Montjuïc,14,la Font de la Guatlla,40,2.6,30.7,21424.39,21980,17679,45.609106694964304
2020,3,Sants-Montjuïc,14,la Font de la Guatlla,41,2.8,32.0,18212.25,18086,14845,45.609106694964304
2020,3,Sants-Montjuïc,14,la Font de la Guatlla,42,3.5,33.6,17122.46,16974,14018,45.609106694964304
2020,3,Sants-Montjuïc,14,la Font de la Guatlla,43,2.8,31.7,20291.96,20208,16454,45.609106694964304
2020,3,Sants-Montjuïc,14,la Font de la Guatlla,44,3.2,33.3,16862.72,16874,13809,45.609106694964304
2020,3,Sants-Montjuïc,14,la Font de la Guatlla,45,2.6,30.0,19468.67,19370,15778,45.609106694964304
2020,3,Sants-Montjuïc,14,la Font de la Guatlla,46,2.7,30.7,22498.11,23107,18633,45.609106694964304
2020,3,Sants-Montjuïc,15,Hostafrancs,47,3.2,33.6,17667.23,17583,14397,43.594370096908165
2020,3,Sants-Montjuïc,15,Hostafrancs,48,2.7,31.3,21225.37,21546,17424,43.594370096908165
2020,3,Sants-Montjuïc,15,Hostafrancs,49,3.6,35.8,19241.92,19318,15748,43.594370096908165
2020,3,Sants-Montjuïc,15,Hostafrancs,50,3.3,33.3,19522.96,19555,15788,43.594370096908165
2020,3,Sants-Montjuïc,15,Hostafrancs,51,3.5,36.9,15974.59,15940,12984,42.62845318158303
2020,3,Sants-Montjuïc,15,Hostafrancs,52,3.7,35.3,17549.78,17354,14086,42.62845318158303
2020,3,Sants-Montjuïc,15,Hostafrancs,53,3.4,35.4,16427.07,16373,13403,42.62845318158303
2020,3,Sants-Montjuïc,15,Hostafrancs,54,3.2,32.9,19893.2,20049,16406,42.62845318158303
2020,3,Sants-Montjuïc,15,Hostafrancs,55,3.1,34.2,18447.71,18689,15177,42.62845318158303
2020,3,Sants-Montjuïc,15,Hostafrancs,56,2.9,31.8,17158.11,17353,14352,42.62845318158303
2020,3,Sants-Montjuïc,16,la Bordeta,57,2.7,30.4,17839.66,17938,14863,46.123502567027955
2020,3,Sants-Montjuïc,16,la Bordeta,58,2.9,31.4,22982.98,23485,18324,46.123502567027955
2020,3,Sants-Montjuïc,16,la Bordeta,59,2.6,29.7,17305.54,17209,14276,46.123502567027955
2020,3,Sants-Montjuïc,16,la Bordeta,60,2.7,31.0,19956.42,20259,16421,46.123502567027955
2020,3,Sants-Montjuïc,16,la Bordeta,61,2.6,28.5,17447.9,17231,14356,46.123502567027955
2020,3,Sants-Montjuïc,16,la Bordeta,62,2.4,29.3,18386.7,18489,15144,44.375209647791706
2020,3,Sants-Montjuïc,16,la Bordeta,63,3.1,30.2,17726.79,17494,14255,44.375209647791706
2020,3,Sants-Montjuïc,16,la Bordeta,64,2.7,28.7,19279.57,19356,15844,44.375209647791706
2020,3,Sants-Montjuïc,16,la Bordeta,65,2.5,28.6,19603.62,19618,16115,44.375209647791706
2020,3,Sants-Montjuïc,16,la Bordeta,66,2.6,29.2,17527.09,17506,14409,44.375209647791706
2020,3,Sants-Montjuïc,16,la Bordeta,67,2.7,30.3,18551.72,18768,15312,44.375209647791706
2020,3,Sants-Montjuïc,16,la Bordeta,68,2.6,29.7,16706.76,16596,13914,44.375209647791706
2020,3,Sants-Montjuïc,16,la Bordeta,69,2.7,29.3,19821.21,20205,16369,44.375209647791706
2020,3,Sants-Montjuïc,18,Sants,86,2.5,28.6,24413.29,25588,20214,45.69466745542128
2020,3,Sants-Montjuïc,18,Sants,87,2.9,32.3,22175.52,22718,18079,45.69466745542128
2020,3,Sants-Montjuïc,18,Sants,88,2.7,30.2,19678.31,19807,16114,45.69466745542128
2020,3,Sants-Montjuïc,18,Sants,89,2.2,26.9,21505.87,21718,17584,45.69466745542128
2020,3,Sants-Montjuïc,18,Sants,90,2.6,31.9,24845.0,26064,20105,45.69466745542128
2020,3,Sants-Montjuïc,18,Sants,91,3.6,35.8,20894.03,21065,16770,45.69466745542128
2020,3,Sants-Montjuïc,18,Sants,92,3.1,34.8,21523.76,21680,17305,45.69466745542128
2020,3,Sants-Montjuïc,18,Sants,93,2.9,31.1,21042.84,21669,17251,45.69466745542128
2020,3,Sants-Montjuïc,18,Sants,94,2.5,29.7,21754.49,21818,17578,45.69466745542128
2020,3,Sants-Montjuïc,18,Sants,95,3.0,32.7,19649.31,19654,15878,41.93895582329317
2020,3,Sants-Montjuïc,18,Sants,96,3.7,36.2,18314.67,18191,14786,41.93895582329317
2020,3,Sants-Montjuïc,18,Sants,97,3.1,33.8,14409.51,14077,11738,41.93895582329317
2020,3,Sants-Montjuïc,18,Sants,98,3.0,33.6,16607.06,16375,13507,41.93895582329317
2020,3,Sants-Montjuïc,18,Sants,99,2.8,33.5,19195.76,18998,15416,41.93895582329317
2020,3,Sants-Montjuïc,18,Sants,100,3.1,33.7,18910.58,18975,15334,41.93895582329317
2020,3,Sants-Montjuïc,18,Sants,101,2.6,30.2,19180.13,18802,15465,41.31681681681682
2020,3,Sants-Montjuïc,18,Sants,102,2.9,32.5,19568.49,19721,15864,41.31681681681682
2020,3,Sants-Montjuïc,18,Sants,103,2.8,29.3,18599.1,18797,15531,41.31681681681682
2020,3,Sants-Montjuïc,18,Sants,104,3.3,33.3,18214.91,18039,14720,41.31681681681682
2020,3,Sants-Montjuïc,18,Sants,105,2.7,29.3,18242.15,18070,14761,41.4837346852556
2020,3,Sants-Montjuïc,18,Sants,106,3.5,34.3,19641.51,19546,15748,41.4837346852556
2020,3,Sants-Montjuïc,18,Sants,107,2.9,31.3,20741.88,20809,16861,44.339029768467476
2020,3,Sants-Montjuïc,18,Sants,108,3.2,34.2,18981.05,18727,15262,44.339029768467476
2020,3,Sants-Montjuïc,18,Sants,109,3.1,32.1,20290.97,20162,16256,44.339029768467476
2020,3,Sants-Montjuïc,18,Sants,110,3.1,32.8,21525.89,21441,17156,44.339029768467476
2020,3,Sants-Montjuïc,18,Sants,111,2.7,30.1,20681.72,20853,16701,44.339029768467476
2020,3,Sants-Montjuïc,18,Sants,112,2.8,31.7,23330.0,23933,18907,44.339029768467476
2020,3,Sants-Montjuïc,18,Sants,113,3.3,35.0,25577.65,26949,20802,44.339029768467476
2020,3,Sants-Montjuïc,18,Sants,114,2.9,32.3,23649.66,24717,19160,44.339029768467476
2020,3,Sants-Montjuïc,13,la Marina de Port,211,2.7,29.3,16900.16,16564,13809,
2020,3,Sants-Montjuïc,13,la Marina de Port,212,2.6,30.3,15569.79,15302,13026,
2020,3,Sants-Montjuïc,13,la Marina de Port,213,2.8,30.9,12625.58,12272,10532,
2020,4,Les Corts,19,les Corts,1,3.4,34.9,22738.85,23541,18429,45.62733864470504
2020,4,Les Corts,19,les Corts,2,2.8,32.3,26539.97,27763,21390,45.62733864470504
2020,4,Les Corts,19,les Corts,3,2.5,31.6,24388.3,25202,19994,45.62733864470504
2020,4,Les Corts,19,les Corts,4,2.9,32.4,24153.66,24863,19758,45.62733864470504
2020,4,Les Corts,19,les Corts,5,2.6,32.6,22803.98,23426,18623,45.62733864470504
2020,4,Les Corts,19,les Corts,6,2.9,32.2,24129.89,25133,19584,45.62733864470504
2020,4,Les Corts,19,les Corts,7,3.1,35.5,19889.13,20297,16249,45.62733864470504
2020,4,Les Corts,19,les Corts,8,2.9,32.7,21430.15,21483,17332,45.62733864470504
2020,4,Les Corts,19,les Corts,9,2.9,33.7,24083.43,24982,19462,45.62733864470504
2020,4,Les Corts,19,les Corts,10,2.6,31.4,27267.73,29128,22093,46.50419710018533
2020,4,Les Corts,19,les Corts,11,2.6,30.5,27010.36,29093,22074,46.50419710018533
2020,4,Les Corts,19,les Corts,12,2.3,28.4,26444.75,27449,21480,46.50419710018533
2020,4,Les Corts,19,les Corts,13,2.7,31.6,27218.47,28486,21831,46.50419710018533
2020,4,Les Corts,19,les Corts,14,4.0,43.1,30141.59,31388,23524,46.50419710018533
2020,4,Les Corts,19,les Corts,15,2.5,29.9,25868.45,26765,20882,46.50419710018533
2020,4,Les Corts,19,les Corts,16,2.8,32.9,27205.41,28582,21964,46.50419710018533
2020,4,Les Corts,19,les Corts,17,3.1,33.8,26387.34,28613,21295,45.61155836687752
2020,4,Les Corts,19,les Corts,18,3.0,33.9,28616.23,29235,22595,45.61155836687752
2020,4,Les Corts,19,les Corts,19,3.0,39.8,34430.9,36168,26427,45.61155836687752
2020,4,Les Corts,19,les Corts,20,3.4,37.1,28269.11,29350,22266,45.61155836687752
2020,4,Les Corts,19,les Corts,21,3.3,37.3,32957.59,34968,25747,45.61155836687752
2020,4,Les Corts,19,les Corts,22,3.1,34.5,28362.84,29184,22512,44.3466317854807
2020,4,Les Corts,19,les Corts,23,3.1,39.5,40895.31,45312,31670,45.30885214007782
2020,4,Les Corts,19,les Corts,24,2.7,34.4,40435.24,45312,31580,45.30885214007782
2020,4,Les Corts,19,les Corts,25,3.1,33.0,24822.71,25581,19738,44.49046979865772
2020,4,Les Corts,19,les Corts,26,2.9,32.2,25395.88,27201,20505,44.49046979865772
2020,4,Les Corts,19,les Corts,27,3.0,37.0,28043.0,29319,22168,44.49046979865772
2020,4,Les Corts,19,les Corts,28,2.5,30.0,25656.73,26523,20689,47.271812865497076
2020,4,Les Corts,19,les Corts,29,2.8,33.4,30866.7,33032,24881,47.271812865497076
2020,4,Les Corts,19,les Corts,30,2.8,32.1,27526.32,28544,22022,47.271812865497076
2020,4,Les Corts,19,les Corts,31,2.9,35.0,23560.32,24049,18968,46.04198574069184
2020,4,Les Corts,19,les Corts,32,2.5,29.0,23133.31,23803,18885,46.04198574069184
2020,4,Les Corts,19,les Corts,33,2.6,31.2,23784.74,24195,19265,46.04198574069184
2020,4,Les Corts,19,les Corts,34,2.3,27.8,28960.71,31241,23473,46.04198574069184
2020,4,Les Corts,19,les Corts,35,2.5,28.9,27345.86,28642,22154,46.04198574069184
2020,4,Les Corts,20,la Maternitat i Sant Ramon,36,2.8,33.4,21331.93,21772,17215,45.5515862194346
2020,4,Les Corts,20,la Maternitat i Sant Ramon,37,2.7,31.1,23527.12,24370,19257,45.5515862194346
2020,4,Les Corts,20,la Maternitat i Sant Ramon,38,2.7,30.5,23394.93,24139,19122,45.5515862194346
2020,4,Les Corts,20,la Maternitat i Sant Ramon,39,3.1,32.0,21835.73,21848,17520,45.5515862194346
2020,4,Les Corts,20,la Maternitat i Sant Ramon,40,2.7,31.7,18129.95,18391,14612,45.5515862194346
2020,4,Les Corts,20,la Maternitat i Sant Ramon,41,2.8,32.1,19873.51,19645,16117,45.5515862194346
2020,4,Les Corts,20,la Maternitat i Sant Ramon,42,2.5,30.0,19136.27,19133,15714,45.5515862194346
2020,4,Les Corts,20,la Maternitat i Sant Ramon,43,2.5,28.5,27915.34,29246,22670,46.67896512935883
2020,4,Les Corts,20,la Maternitat i Sant Ramon,44,2.9,31.0,22036.84,22131,17828,46.67896512935883
2020,4,Les Corts,20,la Maternitat i Sant Ramon,45,2.8,30.6,21199.09,21342,17256,46.67896512935883
2020,4,Les Corts,20,la Maternitat i Sant Ramon,46,2.3,28.7,29312.84,30923,23678,46.67896512935883
2020,4,Les Corts,20,la Maternitat i Sant Ramon,47,2.5,31.8,25421.98,26193,20389,46.67896512935883
2020,4,Les Corts,20,la Maternitat i Sant Ramon,48,2.5,30.2,27061.86,28282,21803,45.56047784967645
2020,4,Les Corts,20,la Maternitat i Sant Ramon,49,3.2,35.1,34612.18,36565,26950,45.56047784967645
2020,4,Les Corts,21,Pedralbes,50,3.3,39.9,41701.19,45312,31670,45.57942176870748
2020,4,Les Corts,21,Pedralbes,51,2.6,33.2,29902.39,31304,23497,45.57942176870748
2020,4,Les Corts,21,Pedralbes,52,3.5,40.6,41379.71,45312,31670,45.57942176870748
2020,4,Les Corts,21,Pedralbes,53,3.3,38.2,26742.01,31086,21129,42.292929292929294
2020,4,Les Corts,21,Pedralbes,54,3.3,39.4,37390.84,43208,29082,42.292929292929294
2020,4,Les Corts,21,Pedralbes,55,4.4,44.4,41173.23,45312,31670,42.764439068642275
2020,4,Les Corts,21,Pedralbes,56,4.4,44.4,41495.61,45312,31670,42.764439068642275
2020,4,Les Corts,20,la Maternitat i Sant Ramon,84,2.8,33.2,28895.28,30800,23228,
2020,6,Gràcia,28,Vallcarca i els Penitents,1,3.4,36.6,20949.48,21224,16659,43.88489096573209
2020,6,Gràcia,28,Vallcarca i els Penitents,2,3.2,33.7,21391.8,21840,17368,43.88489096573209
2020,6,Gràcia,28,Vallcarca i els Penitents,3,3.0,32.9,20577.36,20960,16630,43.88489096573209
2020,6,Gràcia,28,Vallcarca i els Penitents,4,3.1,34.7,22801.54,23477,18471,43.88489096573209
2020,6,Gràcia,28,Vallcarca i els Penitents,6,3.0,33.5,27177.75,29895,21744,43.30318622600436
2020,6,Gràcia,28,Vallcarca i els Penitents,7,3.1,33.6,25386.0,26343,20128,43.30318622600436
2020,6,Gràcia,28,Vallcarca i els Penitents,8,3.1,34.4,22362.96,23119,18026,43.30318622600436
2020,6,Gràcia,28,Vallcarca i els Penitents,9,3.4,39.8,30706.98,32233,23781,43.73759171342253
2020,6,Gràcia,28,Vallcarca i els Penitents,10,3.1,34.4,25752.53,26478,20519,43.73759171342253
2020,6,Gràcia,28,Vallcarca i els Penitents,11,2.9,32.7,24465.1,25346,19523,46.04183927091964
2020,6,Gràcia,28,Vallcarca i els Penitents,12,2.9,32.0,26558.27,28164,21211,46.04183927091964
2020,6,Gràcia,29,el Coll,13,3.1,34.2,21122.4,21825,17062,43.67259083728278
2020,6,Gràcia,29,el Coll,14,2.9,32.7,19424.34,19580,15965,43.67259083728278
2020,6,Gràcia,29,el Coll,15,3.0,36.0,18745.35,18570,15146,43.67259083728278
2020,6,Gràcia,29,el Coll,16,2.9,31.7,17310.75,17064,14039,43.67259083728278
2020,6,Gràcia,29,el Coll,17,3.1,32.9,18475.54,18463,14969,43.67259083728278
2020,6,Gràcia,30,la Salut,18,2.9,33.1,19899.51,20093,16148,43.7649588631264
2020,6,Gràcia,30,la Salut,19,2.6,32.4,20829.23,21418,16856,43.7649588631264
2020,6,Gràcia,30,la Salut,20,3.1,35.3,21989.44,22171,17676,43.7649588631264
2020,6,Gràcia,30,la Salut,21,2.7,34.5,25181.75,26225,20265,43.7649588631264
2020,6,Gràcia,30,la Salut,22,3.4,36.0,23010.9,23599,18497,45.74511984185817
2020,6,Gràcia,30,la Salut,23,2.4,28.2,28642.13,31941,23437,45.74511984185817
2020,6,Gràcia,30,la Salut,24,2.5,30.0,23505.14,23931,18992,45.74511984185817
2020,6,Gràcia,30,la Salut,25,2.5,29.8,24707.06,26007,20065,45.74511984185817
2020,6,Gràcia,30,la Salut,26,3.0,33.4,23390.23,23934,18901,45.74511984185817
2020,6,Gràcia,30,la Salut,27,2.7,32.6,24763.44,25713,20019,45.74511984185817
2020,6,Gràcia,31,la Vila de Gràcia,28,3.4,35.2,20866.35,21016,16759,43.79813863928113
2020,6,Gràcia,31,la Vila de Gràcia,29,2.9,33.5,23058.64,23583,18657,43.79813863928113
2020,6,Gràcia,31,la Vila de Gràcia,30,2.5,30.7,21482.97,21341,17096,43.79813863928113
2020,6,Gràcia,31,la Vila de Gràcia,31,2.6,30.0,22931.52,23340,18425,43.79813863928113
2020,6,Gràcia,31,la Vila de Gràcia,32,2.8,30.4,20556.95,20829,16634,43.79813863928113
2020,6,Gràcia,31,la Vila de Gràcia,33,2.8,32.7,22332.12,22769,17944,45.11636577708006
2020,6,Gràcia,31,la Vila de Gràcia,34,2.9,34.3,24957.38,24596,19524,45.11636577708006
2020,6,Gràcia,31,la Vila de Gràcia,35,2.5,31.3,26523.77,26913,21080,45.11636577708006
2020,6,Gràcia,31,la Vila de Gràcia,36,2.8,33.7,24326.71,25040,19400,45.11636577708006
2020,6,Gràcia,31,la Vila de Gràcia,37,2.7,33.9,23046.53,23557,18371,42.13463368220742
2020,6,Gràcia,31,la Vila de Gràcia,38,2.5,28.8,22137.32,22291,17726,42.13463368220742
2020,6,Gràcia,31,la Vila de Gràcia,39,3.1,32.6,20509.11,20556,16390,42.13463368220742
2020,6,Gràcia,31,la Vila de Gràcia,40,3.2,34.3,24163.92,24821,19329,42.43631067961165
2020,6,Gràcia,31,la Vila de Gràcia,41,3.2,34.3,25140.07,25506,19761,42.43631067961165
2020,6,Gràcia,31,la Vila de Gràcia,42,3.2,36.6,29240.45,30561,22635,42.43631067961165
2020,6,Gràcia,31,la Vila de Gràcia,43,3.2,38.9,24428.02,25575,19297,40.68032212885154
2020,6,Gràcia,31,la Vila de Gràcia,44,3.4,39.8,30180.1,31870,23423,40.68032212885154
2020,6,Gràcia,31,la Vila de Gràcia,45,3.2,35.5,23014.4,23666,18089,40.822396856581534
2020,6,Gràcia,31,la Vila de Gràcia,46,3.3,33.8,21322.68,21594,16961,40.822396856581534
2020,6,Gràcia,31,la Vila de Gràcia,47,3.3,34.6,19456.52,19527,15523,40.822396856581534
2020,6,Gràcia,31,la Vila de Gràcia,48,3.3,34.7,19855.82,20239,15914,40.822396856581534
2020,6,Gràcia,31,la Vila de Gràcia,49,2.8,31.9,22581.8,22535,17839,41.66496644295302
2020,6,Gràcia,31,la Vila de Gràcia,50,3.1,33.8,18719.72,18962,15145,41.66496644295302
2020,6,Gràcia,31,la Vila de Gràcia,51,3.3,35.4,22178.24,22200,17562,41.66496644295302
2020,6,Gràcia,31,la Vila de Gràcia,52,2.6,32.1,21452.58,21603,17245,41.87905477980666
2020,6,Gràcia,31,la Vila de Gràcia,53,2.8,33.7,21995.25,22490,17620,41.87905477980666
2020,6,Gràcia,31,la Vila de Gràcia,54,3.0,32.4,20486.85,20428,16358,41.87905477980666
2020,6,Gràcia,31,la Vila de Gràcia,55,2.8,34.4,22864.24,23300,18057,42.85281274081685
2020,6,Gràcia,31,la Vila de Gràcia,56,3.1,33.8,20180.78,20192,16029,42.85281274081685
2020,6,Gràcia,31,la Vila de Gràcia,57,3.1,34.7,20166.9,20122,16040,42.85281274081685
2020,6,Gràcia,31,la Vila de Gràcia,58,3.3,35.7,22383.46,22741,17765,42.85281274081685
2020,6,Gràcia,31,la Vila de Gràcia,59,2.8,32.5,21628.21,21689,17356,42.85281274081685
2020,6,Gràcia,31,la Vila de Gràcia,60,2.7,31.2,21697.9,21764,17241,43.28129829984544
2020,6,Gràcia,31,la Vila de Gràcia,61,2.9,34.1,21956.08,21967,17572,43.28129829984544
2020,6,Gràcia,31,la Vila de Gràcia,62,2.5,29.6,20198.64,20460,16466,43.28129829984544
2020,6,Gràcia,31,la Vila de Gràcia,63,2.9,32.3,20558.03,20751,16536,43.28129829984544
2020,6,Gràcia,32,el Camp d'en Grassot i Gràcia Nova,64,2.7,32.9,22719.99,23353,18344,44.4004816955684
2020,6,Gràcia,32,el Camp d'en Grassot i Gràcia Nova,65,2.8,30.6,26756.66,27003,21250,44.4004816955684
2020,6,Gràcia,32,el Camp d'en Grassot i Gràcia Nova,66,2.6,31.1,20599.51,21059,16774,44.4004816955684
2020,6,Gràcia,32,el Camp d'en Grassot i Gràcia Nova,67,2.9,32.9,22849.72,23174,18285,44.4004816955684
2020,6,Gràcia,32,el Camp d'en Grassot i Gràcia Nova,68,3.0,33.8,24666.27,25498,19643,44.4004816955684
2020,6,Gràcia,32,el Camp d'en Grassot i Gràcia Nova,69,2.9,32.7,24490.9,25053,19617,44.4004816955684
2020,6,Gràcia,32,el Camp d'en Grassot i Gràcia Nova,70,3.3,34.5,21936.91,22277,17572,44.4004816955684
2020,6,Gràcia,32,el Camp d'en Grassot i Gràcia Nova,71,3.0,34.5,22900.24,22988,18358,46.50854417803683
2020,6,Gràcia,32,el Camp d'en Grassot i Gràcia Nova,72,2.7,31.1,25300.61,26755,20580,46.50854417803683
2020,6,Gràcia,32,el Camp d'en Grassot i Gràcia Nova,73,2.8,30.5,22437.5,22734,18304,46.50854417803683
2020,6,Gràcia,32,el Camp d'en Grassot i Gràcia Nova,74,3.0,32.1,21188.96,21620,17167,46.50854417803683
2020,6,Gràcia,32,el Camp d'en Grassot i Gràcia Nova,75,2.5,29.0,25132.37,26013,20537,46.50854417803683
2020,6,Gràcia,32,el Camp d'en Grassot i Gràcia Nova,76,2.7,30.3,22864.01,23597,18794,46.50854417803683
2020,6,Gràcia,32,el Camp d'en Grassot i Gràcia Nova,77,3.1,34.0,20510.71,20578,16534,43.8607738384329
2020,6,Gràcia,32,el Camp d'en Grassot i Gràcia Nova,78,3.1,32.9,20610.82,20753,16546,43.8607738384329
2020,6,Gràcia,32,el Camp d'en Grassot i Gràcia Nova,79,2.6,30.0,22393.5,22716,18114,43.8607738384329
2020,6,Gràcia,32,el Camp d'en Grassot i Gràcia Nova,80,2.5,29.5,22290.57,22982,18193,43.8607738384329
2020,6,Gràcia,32,el Camp d'en Grassot i Gràcia Nova,81,3.1,33.4,21914.17,22202,17659,43.8607738384329
2020,6,Gràcia,32,el Camp d'en Grassot i Gràcia Nova,82,2.5,28.7,23146.69,23658,18606,45.24957960881494
2020,6,Gràcia,32,el Camp d'en Grassot i Gràcia Nova,83,2.6,29.6,25378.21,25851,20411,45.24957960881494
2020,6,Gràcia,32,el Camp d'en Grassot i Gràcia Nova,84,2.8,31.3,21950.06,22551,17834,45.24957960881494
2020,6,Gràcia,32,el Camp d'en Grassot i Gràcia Nova,85,2.4,29.6,23080.72,24265,18863,45.24957960881494
2020,6,Gràcia,32,el Camp d'en Grassot i Gràcia Nova,86,2.5,31.5,26709.57,27733,21515,45.24957960881494
2020,6,Gràcia,32,el Camp d'en Grassot i Gràcia Nova,87,2.3,28.0,26391.65,27204,21556,45.24957960881494
2020,6,Gràcia,32,el Camp d'en Grassot i Gràcia Nova,88,2.7,29.8,22883.35,23448,18723,45.24957960881494
2020,7,Horta-Guinardó,33,el Baix Guinardó,1,2.6,30.4,22404.5,23110,18311,47.68249339287342
2020,7,Horta-Guinardó,33,el Baix Guinardó,2,2.9,32.1,19419.39,19636,15880,47.68249339287342
2020,7,Horta-Guinardó,33,el Baix Guinardó,3,2.7,31.3,20916.47,21184,16883,47.68249339287342
2020,7,Horta-Guinardó,33,el Baix Guinardó,4,2.9,31.9,18876.77,18998,15491,47.68249339287342
2020,7,Horta-Guinardó,33,el Baix Guinardó,5,2.8,31.1,20179.02,20043,16278,47.68249339287342
2020,7,Horta-Guinardó,33,el Baix Guinardó,6,2.6,29.0,22762.83,23266,18597,47.68249339287342
2020,7,Horta-Guinardó,33,el Baix Guinardó,7,2.6,29.9,18984.06,18929,15525,47.68249339287342
2020,7,Horta-Guinardó,33,el Baix Guinardó,8,2.5,29.0,20789.19,21041,17100,47.68249339287342
2020,7,Horta-Guinardó,33,el Baix Guinardó,9,2.7,30.1,18771.53,18536,15230,45.339137134052386
2020,7,Horta-Guinardó,33,el Baix Guinardó,10,3.4,34.0,20495.94,20851,16592,45.339137134052386
2020,7,Horta-Guinardó,33,el Baix Guinardó,11,3.0,33.4,20802.21,20926,16873,45.339137134052386
2020,7,Horta-Guinardó,33,el Baix Guinardó,12,2.8,30.4,19026.92,19138,15621,45.339137134052386
2020,7,Horta-Guinardó,33,el Baix Guinardó,13,2.2,27.3,22488.11,22962,18500,45.339137134052386
2020,7,Horta-Guinardó,33,el Baix Guinardó,14,3.1,31.4,17586.81,17740,14452,45.36245095776598
2020,7,Horta-Guinardó,33,el Baix Guinardó,15,2.9,33.1,18764.07,19136,15426,45.36245095776598
2020,7,Horta-Guinardó,33,el Baix Guinardó,16,2.6,29.0,22396.83,22821,18208,45.36245095776598
2020,7,Horta-Guinardó,33,el Baix Guinardó,17,2.8,31.7,19482.77,20058,15872,45.36245095776598
2020,7,Horta-Guinardó,33,el Baix Guinardó,18,3.1,33.2,19376.29,19391,15706,45.36245095776598
2020,7,Horta-Guinardó,33,el Baix Guinardó,19,2.9,31.4,19641.68,19936,16105,45.36245095776598
2020,7,Horta-Guinardó,34,Can Baró,20,2.9,32.4,19274.44,19828,15627,44.36747635425623
2020,7,Horta-Guinardó,34,Can Baró,21,2.3,32.1,23628.32,24353,19101,44.36747635425623
2020,7,Horta-Guinardó,34,Can Baró,22,3.0,35.0,17654.19,17571,14496,44.36747635425623
2020,7,Horta-Guinardó,34,Can Baró,23,2.6,29.0,16691.47,16177,13523,44.36747635425623
2020,7,Horta-Guinardó,34,Can Baró,24,2.7,31.0,18772.87,18880,15274,44.36747635425623
2020,7,Horta-Guinardó,34,Can Baró,25,2.9,32.8,17946.23,17679,14528,44.36747635425623
2020,7,Horta-Guinardó,34,Can Baró,26,2.5,30.6,19134.74,18997,15745,44.36747635425623
2020,7,Horta-Guinardó,35,el Guinardó,27,3.2,34.1,16885.84,17138,13884,43.840699523052464
2020,7,Horta-Guinardó,35,el Guinardó,28,2.7,32.9,18746.28,18967,15198,43.840699523052464
2020,7,Horta-Guinardó,35,el Guinardó,29,2.8,32.0,21408.84,21526,17393,43.840699523052464
2020,7,Horta-Guinardó,35,el Guinardó,30,2.8,31.8,16954.69,16843,13941,43.840699523052464
2020,7,Horta-Guinardó,35,el Guinardó,31,2.9,33.4,17167.43,16866,13951,44.36460006424671
2020,7,Horta-Guinardó,35,el Guinardó,32,2.9,31.2,19634.11,19881,16069,44.36460006424671
2020,7,Horta-Guinardó,35,el Guinardó,33,2.7,29.8,20483.86,20472,16606,44.36460006424671
2020,7,Horta-Guinardó,35,el Guinardó,34,2.8,32.0,21853.91,22356,17524,44.36460006424671
2020,7,Horta-Guinardó,35,el Guinardó,35,2.6,31.1,22012.74,22421,17824,44.36460006424671
2020,7,Horta-Guinardó,35,el Guinardó,36,2.8,32.2,22729.96,23073,18538,44.36460006424671
2020,7,Horta-Guinardó,35,el Guinardó,37,2.9,31.9,19566.28,19548,16037,44.36460006424671
2020,7,Horta-Guinardó,35,el Guinardó,38,2.4,29.1,19782.9,19966,16270,44.36460006424671
2020,7,Horta-Guinardó,35,el Guinardó,39,2.8,31.9,20736.07,20864,16741,43.49474155292012
2020,7,Horta-Guinardó,35,el Guinardó,40,3.0,33.2,20088.27,20195,16308,43.49474155292012
2020,7,Horta-Guinardó,35,el Guinardó,41,3.0,32.2,19064.92,18924,15429,43.49474155292012
2020,7,Horta-Guinardó,35,el Guinardó,42,2.9,31.9,20120.79,20026,16355,45.4725093013642
2020,7,Horta-Guinardó,35,el Guinardó,43,2.8,32.2,19989.81,19846,16162,45.4725093013642
2020,7,Horta-Guinardó,35,el Guinardó,44,2.7,31.5,20244.67,20719,16601,45.4725093013642
2020,7,Horta-Guinardó,35,el Guinardó,45,2.9,32.1,18871.53,18834,15372,45.4725093013642
2020,7,Horta-Guinardó,35,el Guinardó,46,2.9,30.8,18894.95,18841,15549,45.4725093013642
2020,7,Horta-Guinardó,35,el Guinardó,47,3.0,32.3,19045.59,18980,15514,44.639486813970066
2020,7,Horta-Guinardó,35,el Guinardó,48,2.8,31.3,18783.31,18814,15417,44.639486813970066
2020,7,Horta-Guinardó,35,el Guinardó,49,2.8,31.0,19467.31,19626,16039,44.639486813970066
2020,7,Horta-Guinardó,35,el Guinardó,50,3.1,33.6,18378.92,18277,14900,44.639486813970066
2020,7,Horta-Guinardó,35,el Guinardó,51,2.9,32.2,18651.55,18579,15152,44.639486813970066
2020,7,Horta-Guinardó,36,la Font d'en Fargues,52,2.6,30.0,24997.49,25791,20000,44.98512665582152
2020,7,Horta-Guinardó,36,la Font d'en Fargues,53,2.3,27.5,21923.57,22285,17764,44.98512665582152
2020,7,Horta-Guinardó,36,la Font d'en Fargues,54,2.7,32.9,26362.42,27312,20908,44.98512665582152
2020,7,Horta-Guinardó,36,la Font d'en Fargues,55,2.5,30.7,25594.23,28210,20636,45.12420566146736
2020,7,Horta-Guinardó,36,la Font d'en Fargues,56,2.9,32.5,21801.73,22105,17438,45.12420566146736
2020,7,Horta-Guinardó,36,la Font d'en Fargues,57,3.0,33.6,21613.43,22143,17345,45.12420566146736
2020,7,Horta-Guinardó,36,la Font d'en Fargues,58,2.7,30.5,21355.99,21309,17242,45.12420566146736
2020,7,Horta-Guinardó,37,el Carmel,59,2.5,29.6,15059.96,14527,12370,44.159183673469386
2020,7,Horta-Guinardó,37,el Carmel,60,2.4,28.9,14680.97,14311,12154,44.159183673469386
2020,7,Horta-Guinardó,37,el Carmel,61,2.3,26.3,15174.32,14795,12567,43.53081167320348
2020,7,Horta-Guinardó,37,el Carmel,62,2.6,29.3,15731.15,15313,12878,43.53081167320348
2020,7,Horta-Guinardó,37,el Carmel,63,2.4,27.6,13641.64,13172,11385,43.53081167320348
2020,7,Horta-Guinardó,37,el Carmel,64,2.5,28.4,13789.01,13418,11489,43.53081167320348
2020,7,Horta-Guinardó,37,el Carmel,65,2.4,29.5,12434.61,11984,10445,43.53081167320348
2020,7,Horta-Guinardó,37,el Carmel,66,2.4,29.0,13010.28,12488,10840,43.53081167320348
2020,7,Horta-Guinardó,37,el Carmel,67,2.5,29.6,13009.57,12604,10867,43.53081167320348
2020,7,Horta-Guinardó,37,el Carmel,68,2.6,28.5,12656.14,12077,10514,43.53081167320348
2020,7,Horta-Guinardó,37,el Carmel,69,2.2,27.0,13637.75,13227,11410,43.53081167320348
2020,7,Horta-Guinardó,37,el Carmel,70,2.9,32.6,13675.15,13229,11426,43.53081167320348
2020,7,Horta-Guinardó,37,el Carmel,71,2.6,28.8,16209.94,15866,13464,44.531647348085706
2020,7,Horta-Guinardó,37,el Carmel,72,2.7,29.7,15420.43,14918,12674,44.531647348085706
2020,7,Horta-Guinardó,37,el Carmel,73,2.7,29.3,13938.47,13578,11757,44.531647348085706
2020,7,Horta-Guinardó,37,el Carmel,74,2.6,30.4,15258.43,14960,12603,44.531647348085706
2020,7,Horta-Guinardó,37,el Carmel,75,2.6,30.3,14111.31,13690,11781,44.531647348085706
2020,7,Horta-Guinardó,37,el Carmel,76,2.6,27.9,14253.37,13792,11874,44.531647348085706
2020,7,Horta-Guinardó,37,el Carmel,77,2.7,28.8,13842.17,13244,11436,44.531647348085706
2020,7,Horta-Guinardó,37,el Carmel,78,2.5,28.6,13940.94,13452,11534,44.531647348085706
2020,7,Horta-Guinardó,37,el Carmel,79,2.8,30.3,14033.71,13699,11757,44.531647348085706
2020,7,Horta-Guinardó,37,el Carmel,80,2.5,28.3,15094.61,14631,12385,44.531647348085706
2020,7,Horta-Guinardó,38,la Teixonera,81,2.4,27.5,15920.3,15609,13137,43.94162116757665
2020,7,Horta-Guinardó,38,la Teixonera,82,2.5,29.0,15544.15,15047,12744,43.94162116757665
2020,7,Horta-Guinardó,38,la Teixonera,83,2.5,29.2,15183.03,14827,12628,43.94162116757665
2020,7,Horta-Guinardó,38,la Teixonera,84,2.7,31.9,15295.4,14831,12556,43.94162116757665
2020,7,Horta-Guinardó,38,la Teixonera,85,2.4,28.3,16203.35,15833,13255,43.94162116757665
2020,7,Horta-Guinardó,38,la Teixonera,86,3.1,33.5,15377.87,15163,12714,43.94162116757665
2020,7,Horta-Guinardó,38,la Teixonera,87,2.6,30.2,16055.3,15723,13272,43.94162116757665
2020,7,Horta-Guinardó,38,la Teixonera,88,2.9,33.5,16284.02,16099,13226,43.94162116757665
2020,7,Horta-Guinardó,39,Sant Genís dels Agudells,89,2.4,29.6,19973.16,20225,16420,45.25237449118046
2020,7,Horta-Guinardó,39,Sant Genís dels Agudells,90,2.5,29.5,16015.28,15728,13179,45.25237449118046
2020,7,Horta-Guinardó,39,Sant Genís dels Agudells,91,2.7,31.0,16675.25,16573,13759,45.25237449118046
2020,7,Horta-Guinardó,39,Sant Genís dels Agudells,92,2.6,30.2,13853.19,13524,11619,45.25237449118046
2020,7,Horta-Guinardó,39,Sant Genís dels Agudells,93,2.6,29.7,16775.71,16739,14004,45.25237449118046
2020,7,Horta-Guinardó,40,Montbau,94,2.5,28.1,17918.81,17772,14683,47.358058252427185
2020,7,Horta-Guinardó,40,Montbau,95,2.6,29.6,18690.22,18544,15258,47.358058252427185
2020,7,Horta-Guinardó,40,Montbau,96,2.6,28.8,17053.34,16627,13987,47.358058252427185
2020,7,Horta-Guinardó,40,Montbau,97,2.7,30.9,20478.48,20614,16814,47.358058252427185
2020,7,Horta-Guinardó,41,la Vall d'Hebron,98,2.3,28.3,25210.14,25940,20126,47.16928060006819
2020,7,Horta-Guinardó,41,la Vall d'Hebron,99,2.1,25.4,21840.84,22049,17817,47.16928060006819
2020,7,Horta-Guinardó,41,la Vall d'Hebron,100,2.5,27.7,19272.36,19583,16157,47.16928060006819
2020,7,Horta-Guinardó,41,la Vall d'Hebron,101,2.5,28.7,19777.88,19712,16357,47.16928060006819
2020,7,Horta-Guinardó,42,la Clota,102,2.6,28.7,18365.37,18005,14567,35.2989010989011
2020,7,Horta-Guinardó,43,Horta,103,3.2,35.9,17868.46,18175,14629,46.716030137698105
2020,7,Horta-Guinardó,43,Horta,104,2.4,30.3,16265.9,16064,13493,46.716030137698105
2020,7,Horta-Guinardó,43,Horta,105,2.3,28.5,20316.64,20530,16660,46.716030137698105
2020,7,Horta-Guinardó,43,Horta,106,2.6,29.9,20167.39,20281,16455,46.716030137698105
2020,7,Horta-Guinardó,43,Horta,107,2.6,30.2,22466.45,23110,18349,46.716030137698105
2020,7,Horta-Guinardó,43,Horta,108,2.6,30.2,19870.54,20226,16234,46.716030137698105
2020,7,Horta-Guinardó,43,Horta,109,2.4,28.0,16480.17,16150,13661,46.716030137698105
2020,7,Horta-Guinardó,43,Horta,110,2.9,32.9,23679.63,23320,18753,46.716030137698105
2020,7,Horta-Guinardó,43,Horta,111,2.7,30.4,22930.18,23336,18848,46.716030137698105
2020,7,Horta-Guinardó,43,Horta,112,2.3,28.8,20070.7,20114,16297,42.88938525784209
2020,7,Horta-Guinardó,43,Horta,113,2.5,28.0,17896.16,17588,14463,42.88938525784209
2020,7,Horta-Guinardó,43,Horta,114,2.5,30.5,21153.57,21161,16993,42.88938525784209
2020,7,Horta-Guinardó,43,Horta,115,2.5,30.6,23647.81,23979,18990,42.88938525784209
2020,7,Horta-Guinardó,43,Horta,116,2.4,28.3,18683.49,18651,15228,42.88938525784209
2020,7,Horta-Guinardó,43,Horta,117,2.7,29.7,19531.15,19316,15951,42.88938525784209
2020,7,Horta-Guinardó,43,Horta,118,2.6,29.5,19874.15,19654,16048,42.88938525784209
2020,7,Horta-Guinardó,43,Horta,119,2.7,29.0,17083.03,16825,14016,46.192016091598326
2020,7,Horta-Guinardó,43,Horta,120,2.9,32.8,17513.85,17515,14524,46.192016091598326
2020,7,Horta-Guinardó,43,Horta,121,2.6,29.7,16627.18,16292,13765,46.192016091598326
2020,7,Horta-Guinardó,43,Horta,122,2.6,29.9,18659.66,18693,15203,46.192016091598326
2020,7,Horta-Guinardó,43,Horta,123,2.6,29.0,19921.42,19871,16235,46.192016091598326
2020,8,Nou Barris,44,Vilapicina i la Torre Llobeta,1,2.4,26.8,18105.13,17927,14938,46.62008693239619
2020,8,Nou Barris,44,Vilapicina i la Torre Llobeta,2,2.4,29.2,19596.83,19704,16000,46.62008693239619
2020,8,Nou Barris,44,Vilapicina i la Torre Llobeta,3,2.7,31.3,17467.61,17589,14628,46.62008693239619
2020,8,Nou Barris,44,Vilapicina i la Torre Llobeta,4,3.0,32.2,16594.59,16402,13720,46.62008693239619
2020,8,Nou Barris,44,Vilapicina i la Torre Llobeta,5,2.9,31.4,18889.26,18807,15565,46.62008693239619
2020,8,Nou Barris,44,Vilapicina i la Torre Llobeta,6,3.1,32.4,18420.81,18439,14968,46.62008693239619
2020,8,Nou Barris,44,Vilapicina i la Torre Llobeta,7,2.5,27.1,19135.35,19152,15849,46.62008693239619
2020,8,Nou Barris,44,Vilapicina i la Torre Llobeta,8,2.7,30.8,18670.45,18743,15380,46.62008693239619
2020,8,Nou Barris,44,Vilapicina i la Torre Llobeta,9,2.5,28.9,17288.95,17076,14154,42.60232843137255
2020,8,Nou Barris,44,Vilapicina i la Torre Llobeta,10,2.7,28.1,19756.75,19736,16099,45.7672709456149
2020,8,Nou Barris,44,Vilapicina i la Torre Llobeta,11,2.7,28.8,20174.21,20191,16389,45.7672709456149
2020,8,Nou Barris,44,Vilapicina i la Torre Llobeta,12,2.5,28.5,18652.37,18464,15206,45.7672709456149
2020,8,Nou Barris,44,Vilapicina i la Torre Llobeta,13,2.8,30.9,17529.69,17661,14643,45.7672709456149
2020,8,Nou Barris,44,Vilapicina i la Torre Llobeta,14,2.7,30.7,16553.5,16305,13552,45.7672709456149
2020,8,Nou Barris,44,Vilapicina i la Torre Llobeta,15,2.8,29.7,15729.77,15369,12962,45.87968388063769
2020,8,Nou Barris,44,Vilapicina i la Torre Llobeta,16,2.7,31.9,17304.17,17127,14285,45.87968388063769
2020,8,Nou Barris,44,Vilapicina i la Torre Llobeta,17,3.1,32.3,19254.67,19594,15920,45.87968388063769
2020,8,Nou Barris,44,Vilapicina i la Torre Llobeta,18,2.7,29.8,18248.19,18077,15127,45.87968388063769
2020,8,Nou Barris,44,Vilapicina i la Torre Llobeta,19,3.2,33.0,16034.91,15894,13226,45.87968388063769
2020,8,Nou Barris,45,Porta,20,2.9,33.1,16881.42,16802,13863,45.58884470489745
2020,8,Nou Barris,45,Porta,21,2.8,30.7,17367.23,17253,14242,45.58884470489745
2020,8,Nou Barris,45,Porta,22,2.9,32.4,17588.13,17640,14588,45.58884470489745
2020,8,Nou Barris,45,Porta,23,2.6,29.7,15923.04,15472,13020,45.58884470489745
2020,8,Nou Barris,45,Porta,24,2.6,30.8,17368.5,17245,14368,45.58884470489745
2020,8,Nou Barris,45,Porta,25,2.5,28.7,15448.95,15102,12771,45.58884470489745
2020,8,Nou Barris,45,Porta,26,2.6,29.8,17289.74,17327,14193,45.58884470489745
2020,8,Nou Barris,45,Porta,27,2.5,27.7,18900.72,18653,15451,44.45189714080201
2020,8,Nou Barris,45,Porta,28,2.4,28.6,16023.69,15743,13434,44.45189714080201
2020,8,Nou Barris,45,Porta,29,2.8,30.7,14652.0,14361,12250,44.45189714080201
2020,8,Nou Barris,45,Porta,30,2.5,28.9,15249.79,14759,12515,44.45189714080201
2020,8,Nou Barris,45,Porta,31,2.3,27.6,16704.66,16619,14026,43.719680177327426
2020,8,Nou Barris,45,Porta,32,2.7,28.9,17115.34,17015,14205,43.719680177327426
2020,8,Nou Barris,45,Porta,33,2.6,29.4,14791.12,14270,12228,43.719680177327426
2020,8,Nou Barris,45,Porta,34,2.8,30.6,13193.83,12902,11151,43.719680177327426
2020,8,Nou Barris,45,Porta,35,2.4,27.4,16172.94,15776,13453,43.719680177327426
2020,8,Nou Barris,45,Porta,36,2.7,29.7,13037.89,12600,10929,43.719680177327426
2020,8,Nou Barris,45,Porta,37,3.0,31.6,15400.88,15035,12752,43.719680177327426
2020,8,Nou Barris,46,el Turó de la Peira,38,2.8,32.5,14052.86,13760,11709,43.3059187543667
2020,8,Nou Barris,46,el Turó de la Peira,39,3.1,32.4,14020.59,13851,11775,43.3059187543667
2020,8,Nou Barris,46,el Turó de la Peira,40,3.1,32.4,12728.33,12325,10606,43.3059187543667
2020,8,Nou Barris,46,el Turó de la Peira,41,2.9,32.8,10260.03,9925,8659,43.3059187543667
2020,8,Nou Barris,46,el Turó de la Peira,42,2.5,28.4,17510.18,17432,14581,43.3059187543667
2020,8,Nou Barris,46,el Turó de la Peira,43,2.8,30.3,14982.14,14737,12604,43.3059187543667
2020,8,Nou Barris,46,el Turó de la Peira,44,2.9,30.5,12907.99,12500,10863,43.374797800064705
2020,8,Nou Barris,46,el Turó de la Peira,45,2.8,32.4,12761.49,12497,10671,43.374797800064705
2020,8,Nou Barris,46,el Turó de la Peira,46,2.3,28.1,14228.88,13708,11808,43.374797800064705
2020,8,Nou Barris,46,el Turó de la Peira,47,2.7,30.3,11614.45,11234,9837,43.374797800064705
2020,8,Nou Barris,47,Can Peguera,48,2.7,28.7,10433.23,10061,9131,44.0126069338136
2020,8,Nou Barris,47,Can Peguera,49,2.8,31.3,13578.21,13028,11371,44.0126069338136
2020,8,Nou Barris,48,la Guineueta,50,2.2,25.6,19758.81,19879,16457,47.26035800482703
2020,8,Nou Barris,48,la Guineueta,51,2.1,24.8,19020.19,18867,15439,47.26035800482703
2020,8,Nou Barris,48,la Guineueta,52,2.5,26.5,17658.73,17299,14588,47.26035800482703
2020,8,Nou Barris,48,la Guineueta,53,2.3,25.7,19099.18,19014,15788,47.26035800482703
2020,8,Nou Barris,48,la Guineueta,54,2.1,25.1,17723.95,17614,14797,47.26035800482703
2020,8,Nou Barris,48,la Guineueta,55,2.3,25.9,22112.21,22560,18479,47.26035800482703
2020,8,Nou Barris,48,la Guineueta,56,2.4,27.7,16049.3,15895,13428,47.29195739992655
2020,8,Nou Barris,48,la Guineueta,57,2.3,26.7,16282.35,15956,13545,47.29195739992655
2020,8,Nou Barris,48,la Guineueta,58,2.5,26.4,14844.88,14361,12380,47.29195739992655
2020,8,Nou Barris,48,la Guineueta,59,2.1,25.7,16064.89,15749,13322,47.29195739992655
2020,8,Nou Barris,49,Canyelles,60,2.3,26.4,18036.05,17927,15104,47.92217842020733
2020,8,Nou Barris,49,Canyelles,61,2.2,24.3,15496.88,15132,12887,47.92217842020733
2020,8,Nou Barris,49,Canyelles,62,2.0,24.1,16822.35,16954,14325,47.92217842020733
2020,8,Nou Barris,49,Canyelles,63,2.0,22.9,20321.42,20325,17073,47.92217842020733
2020,8,Nou Barris,49,Canyelles,64,2.2,24.0,14959.02,14570,12497,47.92217842020733
2020,8,Nou Barris,50,les Roquetes,65,3.1,31.6,11331.37,10934,9529,39.91060937679991
2020,8,Nou Barris,50,les Roquetes,66,3.0,32.1,10497.51,10141,8878,39.91060937679991
2020,8,Nou Barris,50,les Roquetes,67,2.8,29.3,13825.06,13266,11432,39.91060937679991
2020,8,Nou Barris,50,les Roquetes,68,2.7,29.8,11801.2,11323,9917,39.91060937679991
2020,8,Nou Barris,50,les Roquetes,69,2.9,30.0,12138.07,11681,10213,39.91060937679991
2020,8,Nou Barris,50,les Roquetes,70,2.9,29.6,11614.13,11231,9840,41.932576943140326
2020,8,Nou Barris,50,les Roquetes,71,2.5,29.0,12680.46,12126,10600,41.932576943140326
2020,8,Nou Barris,50,les Roquetes,72,2.6,28.6,14206.43,13812,11920,41.932576943140326
2020,8,Nou Barris,50,les Roquetes,73,2.6,30.4,11526.08,11100,9738,41.932576943140326
2020,8,Nou Barris,50,les Roquetes,74,2.8,31.7,11741.9,11333,9866,41.932576943140326
2020,8,Nou Barris,51,Verdun,75,2.4,28.8,13636.47,13233,11365,44.063842601887174
2020,8,Nou Barris,51,Verdun,76,2.4,29.1,14698.33,14287,12270,44.063842601887174
2020,8,Nou Barris,51,Verdun,77,2.7,29.5,11495.77,11057,9755,44.063842601887174
2020,8,Nou Barris,51,Verdun,78,2.6,32.0,12537.04,12127,10560,43.18627072888546
2020,8,Nou Barris,51,Verdun,79,2.6,30.0,12361.56,11984,10364,43.18627072888546
2020,8,Nou Barris,51,Verdun,80,2.7,30.1,13850.75,13367,11541,43.18627072888546
2020,8,Nou Barris,51,Verdun,81,2.8,31.5,11905.17,11565,9957,43.18627072888546
2020,8,Nou Barris,51,Verdun,82,3.0,30.3,14126.05,13610,11723,43.18627072888546
2020,8,Nou Barris,52,la Prosperitat,83,2.7,31.4,13975.75,13552,11581,44.09084469629892
2020,8,Nou Barris,52,la Prosperitat,84,2.6,28.1,14695.31,14270,12248,44.09084469629892
2020,8,Nou Barris,52,la Prosperitat,85,2.5,29.0,14182.25,13729,11716,44.09084469629892
2020,8,Nou Barris,52,la Prosperitat,86,2.6,30.2,14903.44,14356,12306,44.09084469629892
2020,8,Nou Barris,52,la Prosperitat,87,2.8,31.0,14652.09,14290,12239,45.23942985265855
2020,8,Nou Barris,52,la Prosperitat,88,2.6,29.6,14344.24,13918,11903,45.23942985265855
2020,8,Nou Barris,52,la Prosperitat,89,2.8,31.2,14412.78,14062,11983,45.23942985265855
2020,8,Nou Barris,52,la Prosperitat,90,2.5,30.8,15435.32,14963,12724,45.23942985265855
2020,8,Nou Barris,52,la Prosperitat,91,2.4,27.2,14554.46,14093,12179,45.23942985265855
2020,8,Nou Barris,52,la Prosperitat,92,2.6,28.4,16711.3,16690,14026,48.42104157916842
2020,8,Nou Barris,52,la Prosperitat,93,2.4,27.8,13813.88,13501,11582,48.42104157916842
2020,8,Nou Barris,52,la Prosperitat,94,2.4,25.4,15788.47,15436,13323,48.42104157916842
2020,8,Nou Barris,52,la Prosperitat,95,2.1,24.9,18140.22,18158,15111,48.42104157916842
2020,8,Nou Barris,52,la Prosperitat,96,2.5,28.4,15050.68,14723,12477,44.58436254011475
2020,8,Nou Barris,52,la Prosperitat,97,2.6,29.4,14320.04,13946,11925,44.58436254011475
2020,8,Nou Barris,52,la Prosperitat,98,2.5,28.4,13988.31,13529,11661,44.58436254011475
2020,8,Nou Barris,52,la Prosperitat,99,2.5,30.2,14274.84,13968,11793,44.58436254011475
2020,8,Nou Barris,52,la Prosperitat,100,2.6,28.0,14931.73,14427,12325,44.58436254011475
2020,8,Nou Barris,52,la Prosperitat,101,2.5,28.9,14894.41,14563,12493,44.58436254011475
2020,8,Nou Barris,52,la Prosperitat,102,2.7,29.3,12569.26,12170,10588,44.58436254011475
2020,8,Nou Barris,53,la Trinitat Nova,103,2.4,28.6,10607.34,10104,8965,41.94679043012158
2020,8,Nou Barris,53,la Trinitat Nova,104,3.1,31.4,11735.45,11300,9928,41.94679043012158
2020,8,Nou Barris,53,la Trinitat Nova,105,2.8,30.4,11824.87,11361,9990,41.94679043012158
2020,8,Nou Barris,53,la Trinitat Nova,106,3.0,31.0,11399.53,11048,9594,41.94679043012158
2020,8,Nou Barris,53,la Trinitat Nova,107,2.3,26.6,11878.95,11405,10093,41.94679043012158
2020,8,Nou Barris,54,Torre Baró,108,3.1,31.5,11073.21,10577,9268,37.77673284569836
2020,8,Nou Barris,54,Torre Baró,109,2.7,28.9,10264.51,9938,8871,37.77673284569836
2020,8,Nou Barris,55,Ciutat Meridiana,110,3.1,32.3,8478.26,8186,7346,39.50568797399783
2020,8,Nou Barris,55,Ciutat Meridiana,111,2.8,29.8,9708.2,9326,8373,39.50568797399783
2020,8,Nou Barris,55,Ciutat Meridiana,112,2.8,30.8,10061.78,9821,8607,39.50568797399783
2020,8,Nou Barris,55,Ciutat Meridiana,113,2.7,32.2,9794.69,9496,8459,39.50568797399783
2020,8,Nou Barris,55,Ciutat Meridiana,114,3.0,31.1,10678.55,10316,9165,39.50568797399783
2020,8,Nou Barris,55,Ciutat Meridiana,115,3.2,32.2,10132.71,9766,8675,39.50568797399783
2020,8,Nou Barris,56,Vallbona,116,2.5,29.3,11304.16,10737,9458,39.16356589147287
2020,8,Nou Barris,48,la Guineueta,215,2.2,25.8,19939.66,19728,16305,
2020,9,Sant Andreu,57,la Trinitat Vella,1,3.0,33.1,9220.84,8900,7903,39.116325750334546
2020,9,Sant Andreu,57,la Trinitat Vella,2,3.0,33.5,10618.36,10278,8978,39.116325750334546
2020,9,Sant Andreu,57,la Trinitat Vella,3,2.6,29.8,10338.39,9984,8848,39.116325750334546
2020,9,Sant Andreu,57,la Trinitat Vella,4,3.0,30.8,11848.44,11457,9965,39.116325750334546
2020,9,Sant Andreu,57,la Trinitat Vella,5,2.9,30.4,15488.39,14977,12575,39.116325750334546
2020,9,Sant Andreu,58,Baró de Viver,6,2.7,28.8,11653.4,11107,9896,39.8978159126365
2020,9,Sant Andreu,58,Baró de Viver,7,2.6,28.6,10916.24,10441,9294,39.8978159126365
2020,9,Sant Andreu,59,el Bon Pastor,8,2.1,26.3,22302.5,22624,17540,37.25735963581184
2020,9,Sant Andreu,59,el Bon Pastor,9,2.5,29.8,16274.98,16127,13383,37.25735963581184
2020,9,Sant Andreu,59,el Bon Pastor,10,2.5,28.4,14594.95,14213,12284,41.498105876639144
2020,9,Sant Andreu,59,el Bon Pastor,11,2.7,29.7,12529.87,12067,10631,41.498105876639144
2020,9,Sant Andreu,59,el Bon Pastor,13,3.0,32.3,10798.93,10509,9179,41.498105876639144
2020,9,Sant Andreu,59,el Bon Pastor,14,2.7,28.6,12653.33,12285,10630,41.498105876639144
2020,9,Sant Andreu,59,el Bon Pastor,15,2.5,29.4,12687.15,12335,10611,41.498105876639144
2020,9,Sant Andreu,60,Sant Andreu,16,2.0,24.8,20108.24,20175,16567,44.59435596996452
2020,9,Sant Andreu,60,Sant Andreu,17,2.3,27.7,19894.24,19597,15969,44.59435596996452
2020,9,Sant Andreu,60,Sant Andreu,18,2.3,24.9,18492.64,18682,15190,44.59435596996452
2020,9,Sant Andreu,60,Sant Andreu,19,2.3,25.1,20370.1,20496,16517,44.59435596996452
2020,9,Sant Andreu,60,Sant Andreu,20,2.4,28.1,20382.42,20666,16871,44.59435596996452
2020,9,Sant Andreu,60,Sant Andreu,21,2.4,28.8,21433.99,21577,17409,44.59435596996452
2020,9,Sant Andreu,60,Sant Andreu,22,2.6,31.0,20843.55,20961,16888,44.59435596996452
2020,9,Sant Andreu,60,Sant Andreu,23,2.4,27.0,20708.85,20798,16767,44.59435596996452
2020,9,Sant Andreu,60,Sant Andreu,24,2.3,27.3,20309.01,20456,16594,45.9277291745911
2020,9,Sant Andreu,60,Sant Andreu,25,2.4,29.0,21519.79,21630,17352,45.9277291745911
2020,9,Sant Andreu,60,Sant Andreu,26,2.5,28.9,21180.5,21087,17198,45.9277291745911
2020,9,Sant Andreu,60,Sant Andreu,27,2.3,25.5,21114.16,21432,17517,45.9277291745911
2020,9,Sant Andreu,60,Sant Andreu,28,2.0,23.5,23014.67,23215,18244,42.17826006306807
2020,9,Sant Andreu,60,Sant Andreu,29,2.4,27.8,19388.72,19237,15961,42.17826006306807
2020,9,Sant Andreu,60,Sant Andreu,30,2.2,24.1,21284.02,20984,17009,42.17826006306807
2020,9,Sant Andreu,60,Sant Andreu,31,2.2,26.9,21489.15,21552,17148,42.17826006306807
2020,9,Sant Andreu,60,Sant Andreu,32,3.2,30.2,15790.19,15512,12916,41.3781140431814
2020,9,Sant Andreu,60,Sant Andreu,33,2.4,28.4,18385.75,18162,14997,41.3781140431814
2020,9,Sant Andreu,60,Sant Andreu,34,2.7,29.5,16499.32,16493,13806,45.66803677663602
2020,9,Sant Andreu,60,Sant Andreu,35,2.3,28.6,19022.09,18983,15580,45.66803677663602
2020,9,Sant Andreu,60,Sant Andreu,36,2.1,25.7,19671.19,19840,16307,45.66803677663602
2020,9,Sant Andreu,60,Sant Andreu,37,2.8,33.1,15679.85,15360,13046,45.66803677663602
2020,9,Sant Andreu,60,Sant Andreu,38,2.5,27.8,20895.02,21140,17026,45.66803677663602
2020,9,Sant Andreu,60,Sant Andreu,39,2.5,28.0,19585.64,20057,16090,45.66803677663602
2020,9,Sant Andreu,60,Sant Andreu,40,2.5,29.5,20527.61,20891,16505,44.717975689574565
2020,9,Sant Andreu,60,Sant Andreu,41,2.2,26.3,19351.43,19269,15908,44.717975689574565
2020,9,Sant Andreu,60,Sant Andreu,42,2.5,29.6,21789.66,21856,17530,44.717975689574565
2020,9,Sant Andreu,60,Sant Andreu,43,2.6,28.3,18608.19,18294,15101,44.717975689574565
2020,9,Sant Andreu,60,Sant Andreu,44,2.5,29.6,19640.29,19576,15870,44.717975689574565
2020,9,Sant Andreu,60,Sant Andreu,45,2.4,28.2,20511.28,20556,16687,44.717975689574565
2020,9,Sant Andreu,60,Sant Andreu,46,2.3,27.1,21465.18,21736,17483,45.60775444264944
2020,9,Sant Andreu,60,Sant Andreu,47,2.7,30.6,22250.88,22359,17805,45.60775444264944
2020,9,Sant Andreu,60,Sant Andreu,48,2.3,27.8,19714.47,19909,16347,45.60775444264944
2020,9,Sant Andreu,60,Sant Andreu,49,2.8,32.5,17879.3,17820,14772,45.60775444264944
2020,9,Sant Andreu,60,Sant Andreu,50,2.6,31.1,21000.71,21249,17108,45.60775444264944
2020,9,Sant Andreu,60,Sant Andreu,51,2.7,30.2,21089.27,20877,17061,45.60775444264944
2020,9,Sant Andreu,60,Sant Andreu,52,2.3,28.5,19349.41,19176,15756,45.60775444264944
2020,9,Sant Andreu,60,Sant Andreu,53,2.3,27.9,21688.1,22049,17774,45.60775444264944
2020,9,Sant Andreu,60,Sant Andreu,54,2.5,29.6,21316.03,21435,17530,45.60775444264944
2020,9,Sant Andreu,61,la Sagrera,55,2.6,28.4,15865.41,16108,13592,45.70360414177618
2020,9,Sant Andreu,61,la Sagrera,56,2.3,28.1,19871.32,19721,16545,45.70360414177618
2020,9,Sant Andreu,61,la Sagrera,57,2.8,31.3,17598.43,17321,14476,45.70360414177618
2020,9,Sant Andreu,61,la Sagrera,58,2.9,32.7,20534.04,20744,16493,45.70360414177618
2020,9,Sant Andreu,61,la Sagrera,59,2.5,30.1,18584.35,18602,15188,45.70360414177618
2020,9,Sant Andreu,61,la Sagrera,60,2.3,28.6,19346.26,19089,15774,45.70360414177618
2020,9,Sant Andreu,61,la Sagrera,61,2.3,27.2,21425.75,21586,17252,41.598653914275594
2020,9,Sant Andreu,61,la Sagrera,62,2.6,30.1,18596.79,18670,15061,41.598653914275594
2020,9,Sant Andreu,61,la Sagrera,63,2.4,27.3,21714.18,21885,17539,44.97514698022448
2020,9,Sant Andreu,61,la Sagrera,64,2.4,28.7,20680.37,20949,17041,44.97514698022448
2020,9,Sant Andreu,61,la Sagrera,65,2.6,30.0,18443.0,18439,15233,44.97514698022448
2020,9,Sant Andreu,61,la Sagrera,66,2.5,29.2,20562.33,20800,16780,44.97514698022448
2020,9,Sant Andreu,61,la Sagrera,67,2.9,30.4,17485.44,17257,14356,44.97514698022448
2020,9,Sant Andreu,61,la Sagrera,68,2.6,28.2,20380.12,20290,16538,46.2176245210728
2020,9,Sant Andreu,61,la Sagrera,69,2.2,28.9,20235.53,20969,17140,46.2176245210728
2020,9,Sant Andreu,61,la Sagrera,70,3.0,31.8,13999.38,13731,11718,46.2176245210728
2020,9,Sant Andreu,61,la Sagrera,71,2.8,30.8,17650.08,17624,14571,46.2176245210728
2020,9,Sant Andreu,61,la Sagrera,72,2.8,30.9,14818.95,14539,12383,46.2176245210728
2020,9,Sant Andreu,61,la Sagrera,73,2.5,28.8,19041.04,19221,15794,46.2176245210728
2020,9,Sant Andreu,62,el Congrés i els Indians,74,2.4,28.3,17949.66,17884,14751,45.20612595718081
2020,9,Sant Andreu,62,el Congrés i els Indians,75,2.9,32.7,17356.14,17337,14275,45.20612595718081
2020,9,Sant Andreu,62,el Congrés i els Indians,76,2.7,30.0,18074.96,17754,14752,45.20612595718081
2020,9,Sant Andreu,62,el Congrés i els Indians,77,2.3,27.0,18617.29,18407,15245,45.20612595718081
2020,9,Sant Andreu,62,el Congrés i els Indians,78,2.7,30.1,17740.02,17607,14544,44.3751507840772
2020,9,Sant Andreu,62,el Congrés i els Indians,79,2.9,31.5,19727.36,19891,16140,44.3751507840772
2020,9,Sant Andreu,62,el Congrés i els Indians,80,2.6,30.5,18523.66,18490,15186,44.3751507840772
2020,9,Sant Andreu,62,el Congrés i els Indians,81,2.7,30.9,18803.14,18774,15330,44.3751507840772
2020,9,Sant Andreu,62,el Congrés i els Indians,82,2.8,32.7,18350.18,18396,14883,44.3751507840772
2020,9,Sant Andreu,63,Navas,83,2.8,30.4,20003.79,19933,16232,45.5840196250219
2020,9,Sant Andreu,63,Navas,84,2.6,31.1,21558.06,21688,17435,45.5840196250219
2020,9,Sant Andreu,63,Navas,85,2.7,30.8,19822.37,19734,16067,45.5840196250219
2020,9,Sant Andreu,63,Navas,86,2.9,32.4,18394.34,18706,15209,45.5840196250219
2020,9,Sant Andreu,63,Navas,87,2.6,28.3,20484.45,20820,16823,45.5840196250219
2020,9,Sant Andreu,63,Navas,88,3.0,31.9,17290.31,17892,14314,45.5840196250219
2020,9,Sant Andreu,63,Navas,89,2.7,30.6,17543.45,17882,14665,45.5840196250219
2020,9,Sant Andreu,63,Navas,90,2.8,30.0,18062.13,18694,14936,45.40478355765733
2020,9,Sant Andreu,63,Navas,91,2.8,30.9,18781.09,18976,15568,45.40478355765733
2020,9,Sant Andreu,63,Navas,92,2.8,28.7,18609.76,18865,15363,45.40478355765733
2020,9,Sant Andreu,63,Navas,93,2.7,29.2,19111.79,19073,15716,45.40478355765733
2020,9,Sant Andreu,63,Navas,94,2.8,30.3,18765.3,19042,15436,45.40478355765733
2020,9,Sant Andreu,63,Navas,95,2.8,30.8,18729.84,18835,15272,45.40478355765733
2020,9,Sant Andreu,61,la Sagrera,156,2.3,27.4,17813.53,18178,15312,
2020,10,Sant Martí,64,el Camp de l'Arpa del Clot,1,3.0,32.8,17284.1,17202,14187,45.058967757754075
2020,10,Sant Martí,64,el Camp de l'Arpa del Clot,2,2.7,30.7,18660.06,18588,15095,45.058967757754075
2020,10,Sant Martí,64,el Camp de l'Arpa del Clot,3,2.9,31.8,19292.22,19428,15618,45.058967757754075
2020,10,Sant Martí,64,el Camp de l'Arpa del Clot,4,2.6,30.3,19382.69,19395,15838,45.058967757754075
2020,10,Sant Martí,64,el Camp de l'Arpa del Clot,5,2.9,31.6,19748.87,20098,16386,45.058967757754075
2020,10,Sant Martí,64,el Camp de l'Arpa del Clot,6,2.8,32.0,21811.81,22169,17598,45.67244822873962
2020,10,Sant Martí,64,el Camp de l'Arpa del Clot,7,2.4,29.0,25139.72,26625,20893,45.67244822873962
2020,10,Sant Martí,64,el Camp de l'Arpa del Clot,8,3.1,33.8,19169.75,19349,15816,45.67244822873962
2020,10,Sant Martí,64,el Camp de l'Arpa del Clot,9,3.2,33.3,20027.9,20183,16345,45.67244822873962
2020,10,Sant Martí,64,el Camp de l'Arpa del Clot,10,3.1,32.8,18586.47,18485,15122,45.67244822873962
2020,10,Sant Martí,64,el Camp de l'Arpa del Clot,11,2.8,32.4,22343.82,23012,18203,45.67244822873962
2020,10,Sant Martí,64,el Camp de l'Arpa del Clot,12,3.1,32.2,20986.7,21453,17118,44.726121466155355
2020,10,Sant Martí,64,el Camp de l'Arpa del Clot,13,2.8,30.8,19506.07,19558,15889,44.726121466155355
2020,10,Sant Martí,64,el Camp de l'Arpa del Clot,14,3.5,33.9,18670.55,18816,15196,44.726121466155355
2020,10,Sant Martí,64,el Camp de l'Arpa del Clot,15,3.1,33.6,20123.3,20253,16363,44.726121466155355
2020,10,Sant Martí,64,el Camp de l'Arpa del Clot,16,2.6,30.7,21057.45,21614,17317,44.726121466155355
2020,10,Sant Martí,64,el Camp de l'Arpa del Clot,17,3.2,34.4,19359.27,19645,15923,44.726121466155355
2020,10,Sant Martí,64,el Camp de l'Arpa del Clot,18,2.9,30.5,18569.68,18425,15064,44.726121466155355
2020,10,Sant Martí,64,el Camp de l'Arpa del Clot,19,2.5,28.8,19922.62,20085,16366,44.71473508306301
2020,10,Sant Martí,64,el Camp de l'Arpa del Clot,20,2.8,30.1,16641.11,16636,13882,44.71473508306301
2020,10,Sant Martí,64,el Camp de l'Arpa del Clot,21,2.5,31.5,17689.9,17831,14478,44.71473508306301
2020,10,Sant Martí,64,el Camp de l'Arpa del Clot,22,2.7,30.9,19205.96,19068,15501,44.71473508306301
2020,10,Sant Martí,64,el Camp de l'Arpa del Clot,23,3.0,31.7,18845.67,18821,15388,44.71473508306301
2020,10,Sant Martí,64,el Camp de l'Arpa del Clot,24,2.8,30.3,20599.69,20698,16532,44.71473508306301
2020,10,Sant Martí,64,el Camp de l'Arpa del Clot,25,2.7,31.6,18816.16,18747,15229,44.71473508306301
2020,10,Sant Martí,65,el Clot,26,3.0,32.1,18244.1,20082,15083,44.308599813722445
2020,10,Sant Martí,65,el Clot,27,2.6,29.3,20078.75,20396,16446,44.308599813722445
2020,10,Sant Martí,65,el Clot,28,2.9,32.3,18609.78,18798,15160,44.308599813722445
2020,10,Sant Martí,65,el Clot,29,2.6,28.7,17984.5,18042,14798,44.308599813722445
2020,10,Sant Martí,65,el Clot,30,2.3,27.1,18792.69,19352,15566,44.308599813722445
2020,10,Sant Martí,65,el Clot,31,2.8,31.1,19440.16,19465,15898,44.308599813722445
2020,10,Sant Martí,65,el Clot,32,2.6,27.7,20413.28,20474,16473,44.310224968620254
2020,10,Sant Martí,65,el Clot,33,2.4,27.8,22398.51,22826,18551,44.310224968620254
2020,10,Sant Martí,65,el Clot,34,2.6,30.0,18266.8,18417,15156,44.310224968620254
2020,10,Sant Martí,65,el Clot,35,2.4,27.1,21368.56,21542,17153,44.310224968620254
2020,10,Sant Martí,65,el Clot,36,2.5,28.6,21964.39,22312,17427,44.310224968620254
2020,10,Sant Martí,65,el Clot,37,2.8,30.6,14950.77,14572,12341,44.310224968620254
2020,10,Sant Martí,65,el Clot,38,2.8,30.7,19091.83,19253,15507,43.29820563941897
2020,10,Sant Martí,65,el Clot,39,3.0,31.7,17526.86,17419,14192,43.29820563941897
2020,10,Sant Martí,65,el Clot,40,3.1,34.1,18952.04,19151,15561,43.29820563941897
2020,10,Sant Martí,65,el Clot,41,2.9,32.5,18472.83,19427,15131,43.29820563941897
2020,10,Sant Martí,66,el Parc i la Llacuna del Poblenou,42,3.1,32.4,17280.69,16995,13871,37.81273338312173
2020,10,Sant Martí,66,el Parc i la Llacuna del Poblenou,43,3.2,35.9,18124.12,18160,14405,37.81273338312173
2020,10,Sant Martí,66,el Parc i la Llacuna del Poblenou,44,2.6,31.6,20203.84,20645,16690,45.74812422832178
2020,10,Sant Martí,66,el Parc i la Llacuna del Poblenou,45,2.6,30.6,22549.27,22793,18147,45.74812422832178
2020,10,Sant Martí,66,el Parc i la Llacuna del Poblenou,46,2.6,32.0,22622.28,23052,18559,45.74812422832178
2020,10,Sant Martí,66,el Parc i la Llacuna del Poblenou,47,2.7,32.5,22140.63,22504,18064,45.74812422832178
2020,10,Sant Martí,66,el Parc i la Llacuna del Poblenou,48,3.0,31.6,23068.43,23691,18525,45.74812422832178
2020,10,Sant Martí,66,el Parc i la Llacuna del Poblenou,49,2.8,32.6,20488.2,21082,16827,45.74812422832178
2020,10,Sant Martí,66,el Parc i la Llacuna del Poblenou,50,2.5,30.0,21505.32,21899,17577,45.74812422832178
2020,10,Sant Martí,67,la Vila Olímpica del Poblenou,51,2.6,31.0,23169.77,23420,18512,40.94132539091586
2020,10,Sant Martí,67,la Vila Olímpica del Poblenou,52,3.2,34.0,28825.81,31499,22613,40.94132539091586
2020,10,Sant Martí,67,la Vila Olímpica del Poblenou,53,2.7,32.3,34362.04,36642,27024,40.94132539091586
2020,10,Sant Martí,67,la Vila Olímpica del Poblenou,54,2.6,32.1,27806.66,30211,22147,40.94132539091586
2020,10,Sant Martí,67,la Vila Olímpica del Poblenou,55,2.8,32.5,30002.01,33904,23761,41.18266978922717
2020,10,Sant Martí,68,el Poblenou,56,3.2,35.9,17696.13,17784,14142,40.42480035492458
2020,10,Sant Martí,68,el Poblenou,57,3.0,34.7,18681.09,18378,14918,40.42480035492458
2020,10,Sant Martí,68,el Poblenou,58,2.7,29.2,17779.94,17564,14310,40.42480035492458
2020,10,Sant Martí,68,el Poblenou,59,3.3,36.4,20733.33,21282,16518,42.66661687826736
2020,10,Sant Martí,68,el Poblenou,60,3.3,35.9,18304.72,18244,14577,42.66661687826736
2020,10,Sant Martí,68,el Poblenou,61,2.6,31.4,22570.73,23093,18292,42.66661687826736
2020,10,Sant Martí,68,el Poblenou,62,2.6,30.2,22354.28,22726,17915,42.66661687826736
2020,10,Sant Martí,68,el Poblenou,63,2.7,31.4,21666.55,22167,17619,40.63271091993352
2020,10,Sant Martí,68,el Poblenou,64,2.9,34.0,22501.33,23082,17985,40.63271091993352
2020,10,Sant Martí,68,el Poblenou,65,2.6,31.1,21699.05,22048,17397,40.63271091993352
2020,10,Sant Martí,68,el Poblenou,66,2.7,31.5,20898.62,21839,16746,40.63271091993352
2020,10,Sant Martí,68,el Poblenou,67,2.8,31.6,27875.94,29181,21670,40.63271091993352
2020,10,Sant Martí,68,el Poblenou,68,2.7,28.9,23747.99,24295,18729,40.63271091993352
2020,10,Sant Martí,68,el Poblenou,69,3.3,37.4,24575.09,25182,19238,41.98544102842097
2020,10,Sant Martí,68,el Poblenou,70,3.1,32.6,19390.82,19616,15667,41.98544102842097
2020,10,Sant Martí,68,el Poblenou,71,2.3,27.7,22592.56,22947,18117,41.98544102842097
2020,10,Sant Martí,68,el Poblenou,72,2.8,32.3,19847.97,20001,15910,41.98544102842097
2020,10,Sant Martí,68,el Poblenou,73,2.6,30.1,18074.32,17890,14844,41.98544102842097
2020,10,Sant Martí,68,el Poblenou,74,3.1,31.4,18107.56,18848,14750,41.98544102842097
2020,10,Sant Martí,68,el Poblenou,75,2.9,30.7,17796.1,17759,14503,41.98544102842097
2020,10,Sant Martí,69,Diagonal Mar i el Front Marítim del Poblenou,76,2.5,30.1,23611.69,23720,18473,43.018019763611704
2020,10,Sant Martí,69,Diagonal Mar i el Front Marítim del Poblenou,77,2.6,31.3,25771.48,27256,20269,39.26723276723277
2020,10,Sant Martí,69,Diagonal Mar i el Front Marítim del Poblenou,78,2.7,33.7,26375.06,27104,20484,39.26723276723277
2020,10,Sant Martí,69,Diagonal Mar i el Front Marítim del Poblenou,79,2.5,29.6,21907.17,22472,17609,39.26723276723277
2020,10,Sant Martí,69,Diagonal Mar i el Front Marítim del Poblenou,80,3.4,41.1,32227.43,35404,24823,35.53617399023524
2020,10,Sant Martí,70,el Besòs i el Maresme,81,3.3,35.6,13764.0,14337,11490,38.42461155997514
2020,10,Sant Martí,70,el Besòs i el Maresme,82,2.9,31.6,8922.64,8627,7701,38.42461155997514
2020,10,Sant Martí,70,el Besòs i el Maresme,83,3.0,33.8,7499.82,7328,6594,38.42461155997514
2020,10,Sant Martí,70,el Besòs i el Maresme,84,3.0,32.4,10842.05,10499,9233,38.42461155997514
2020,10,Sant Martí,70,el Besòs i el Maresme,85,3.0,32.5,9511.96,9282,8209,41.82779616148246
2020,10,Sant Martí,70,el Besòs i el Maresme,86,2.8,30.0,11493.08,11154,9702,41.82779616148246
2020,10,Sant Martí,70,el Besòs i el Maresme,87,2.7,30.5,11270.58,10876,9574,41.82779616148246
2020,10,Sant Martí,70,el Besòs i el Maresme,88,2.5,28.4,15644.45,15528,13034,41.82779616148246
2020,10,Sant Martí,70,el Besòs i el Maresme,89,3.1,32.6,11734.48,11426,9924,35.972477064220186
2020,10,Sant Martí,70,el Besòs i el Maresme,90,2.8,30.6,12950.6,12590,10772,46.544644358500086
2020,10,Sant Martí,70,el Besòs i el Maresme,91,2.5,28.0,14696.53,14463,12296,46.544644358500086
2020,10,Sant Martí,70,el Besòs i el Maresme,92,2.4,26.4,18212.71,18132,15330,46.544644358500086
2020,10,Sant Martí,70,el Besòs i el Maresme,93,2.3,26.0,18858.87,18973,15769,46.544644358500086
2020,10,Sant Martí,71,Provençals del Poblenou,94,3.1,34.1,21068.46,21250,16633,36.8
2020,10,Sant Martí,71,Provençals del Poblenou,95,2.9,34.1,16673.02,16422,13509,36.8
2020,10,Sant Martí,71,Provençals del Poblenou,96,2.7,31.7,22000.16,23211,17569,42.496409222628195
2020,10,Sant Martí,71,Provençals del Poblenou,97,2.6,30.5,22298.29,22651,17739,42.496409222628195
2020,10,Sant Martí,71,Provençals del Poblenou,98,2.4,27.1,20277.48,20309,16356,42.496409222628195
2020,10,Sant Martí,71,Provençals del Poblenou,99,2.8,31.3,13794.69,13569,11572,42.496409222628195
2020,10,Sant Martí,71,Provençals del Poblenou,100,2.6,30.3,16350.27,16143,13487,42.496409222628195
2020,10,Sant Martí,71,Provençals del Poblenou,101,2.8,34.0,16446.69,16431,13289,44.968003555160536
2020,10,Sant Martí,71,Provençals del Poblenou,102,2.5,28.1,15817.76,15580,13150,44.968003555160536
2020,10,Sant Martí,71,Provençals del Poblenou,103,2.2,25.3,17789.74,17807,14837,44.968003555160536
2020,10,Sant Martí,71,Provençals del Poblenou,104,2.0,23.8,20261.29,20301,16568,44.968003555160536
2020,10,Sant Martí,72,Sant Martí de Provençals,105,2.5,28.3,18676.07,18546,15181,46.01657810839532
2020,10,Sant Martí,72,Sant Martí de Provençals,106,2.4,26.4,17736.97,17692,14683,46.01657810839532
2020,10,Sant Martí,72,Sant Martí de Provençals,107,2.2,27.6,23012.27,23065,18464,46.01657810839532
2020,10,Sant Martí,72,Sant Martí de Provençals,108,2.1,25.6,17059.74,16829,14272,46.01657810839532
2020,10,Sant Martí,72,Sant Martí de Provençals,109,2.3,27.2,16167.39,15784,13447,46.01657810839532
2020,10,Sant Martí,72,Sant Martí de Provençals,110,2.6,28.7,15811.97,15474,13057,46.01657810839532
2020,10,Sant Martí,72,Sant Martí de Provençals,111,2.6,30.0,16548.12,16512,13782,45.117959034381855
2020,10,Sant Martí,72,Sant Martí de Provençals,112,2.3,27.8,21350.6,21927,17811,45.117959034381855
2020,10,Sant Martí,72,Sant Martí de Provençals,113,2.6,30.2,16888.32,16735,13749,45.117959034381855
2020,10,Sant Martí,72,Sant Martí de Provençals,114,2.6,29.3,14384.16,13971,11904,45.117959034381855
2020,10,Sant Martí,72,Sant Martí de Provençals,115,2.5,28.3,15635.49,15347,13010,47.370736086175945
2020,10,Sant Martí,72,Sant Martí de Provençals,116,2.5,27.9,14560.7,14194,12182,47.370736086175945
2020,10,Sant Martí,72,Sant Martí de Provençals,117,2.1,25.2,16703.22,16469,13904,47.370736086175945
2020,10,Sant Martí,72,Sant Martí de Provençals,118,2.2,26.2,21158.64,21187,17346,47.370736086175945
2020,10,Sant Martí,72,Sant Martí de Provençals,119,2.7,30.9,15283.87,15032,12809,47.370736086175945
2020,10,Sant Martí,72,Sant Martí de Provençals,120,2.7,30.2,16281.99,16534,13571,46.23830636222567
2020,10,Sant Martí,72,Sant Martí de Provençals,121,2.4,26.9,15550.04,15295,12914,46.23830636222567
2020,10,Sant Martí,72,Sant Martí de Provençals,122,2.2,26.7,19481.52,19782,16259,46.23830636222567
2020,10,Sant Martí,73,la Verneda i la Pau,123,2.4,28.9,17347.26,17296,14353,46.637747704204926
2020,10,Sant Martí,73,la Verneda i la Pau,124,2.4,28.6,17943.9,17814,14864,46.637747704204926
2020,10,Sant Martí,73,la Verneda i la Pau,125,2.1,25.0,15923.44,15665,13401,46.637747704204926
2020,10,Sant Martí,73,la Verneda i la Pau,126,2.1,24.6,17495.3,17307,14613,46.637747704204926
2020,10,Sant Martí,73,la Verneda i la Pau,127,2.4,28.2,18207.29,18131,14793,46.637747704204926
2020,10,Sant Martí,73,la Verneda i la Pau,128,2.4,28.1,18732.54,18733,15591,46.637747704204926
2020,10,Sant Martí,73,la Verneda i la Pau,129,2.3,25.5,18775.44,18823,15495,46.637747704204926
2020,10,Sant Martí,73,la Verneda i la Pau,130,2.6,29.3,17449.88,17530,14530,47.77848566527812
2020,10,Sant Martí,73,la Verneda i la Pau,131,2.3,26.7,20782.2,20883,17116,47.77848566527812
2020,10,Sant Martí,73,la Verneda i la Pau,132,2.3,26.2,16313.18,15935,13593,47.77848566527812
2020,10,Sant Martí,73,la Verneda i la Pau,133,2.5,28.0,14940.32,14568,12552,47.77848566527812
2020,10,Sant Martí,73,la Verneda i la Pau,134,2.4,26.5,15299.89,14984,12791,47.77848566527812
2020,10,Sant Martí,73,la Verneda i la Pau,135,2.6,28.6,15559.23,15244,12955,47.77848566527812
2020,10,Sant Martí,73,la Verneda i la Pau,136,2.3,27.5,16305.99,16082,13765,45.56407798018536
2020,10,Sant Martí,73,la Verneda i la Pau,137,2.7,29.8,13911.85,13602,11726,45.56407798018536
2020,10,Sant Martí,73,la Verneda i la Pau,138,2.9,30.4,12218.67,11726,10262,45.56407798018536
2020,10,Sant Martí,73,la Verneda i la Pau,139,2.6,28.8,13384.4,13022,11236,45.56407798018536
2020,10,Sant Martí,73,la Verneda i la Pau,140,2.7,29.3,13388.74,12917,11219,45.26288152280932
2020,10,Sant Martí,73,la Verneda i la Pau,141,2.2,26.8,13865.41,13493,11645,45.26288152280932
2020,10,Sant Martí,73,la Verneda i la Pau,142,2.5,28.4,12691.12,12249,10700,45.26288152280932
2020,10,Sant Martí,73,la Verneda i la Pau,143,2.7,28.3,14471.43,14200,12153,45.26288152280932
2020,10,Sant Martí,65,el Clot,234,2.4,26.2,18837.63,18817,15672,
2020,10,Sant Martí,69,Diagonal Mar i el Front Marítim del Poblenou,235,3.1,31.4,16365.04,16144,13711,
2020,10,Sant Martí,69,Diagonal Mar i el Front Marítim del Poblenou,236,2.2,26.8,16976.81,16733,14190,
2020,10,Sant Martí,71,Provençals del Poblenou,237,2.5,27.6,15624.94,15120,12869,
